Ground_Truth_Query,LLM_Query,Comparison_Result
"SELECT 
    SERIES_NAME,
    TOTAL_ASSETS 
FROM 
    FUND_REPORTED_INFO 
ORDER BY 
    CAST(TOTAL_ASSETS AS FLOAT) DESC 
LIMIT 5;",Show me the top 5 largest funds by total assets,True
"WITH FundSizes AS (
    SELECT 
        SERIES_NAME,
        CAST(TOTAL_ASSETS AS FLOAT) as Total_Assets,
        CAST(NET_ASSETS AS FLOAT) as Net_Assets
    FROM 
        FUND_REPORTED_INFO
    WHERE 
        TOTAL_ASSETS IS NOT NULL
)
SELECT 
    SERIES_NAME,
    ROUND(Total_Assets / 1000000, 2) as Total_Assets_Millions,
    ROUND(Net_Assets / 1000000, 2) as Net_Assets_Millions
FROM 
    FundSizes
ORDER BY 
    Total_Assets DESC
LIMIT 20;",Show me the top 20 largest funds by total assets,False
"SELECT 
    SERIES_NAME,
    NET_ASSETS 
FROM 
    FUND_REPORTED_INFO 
WHERE 
    CAST(NET_ASSETS AS FLOAT) > 1000000000;",List all funds with net assets over 1 billion dollars,False
"SELECT 
    REGISTRANT_NAME,
    COUNT(F.SERIES_NAME) as Fund_Count
FROM 
    REGISTRANT R
    JOIN FUND_REPORTED_INFO F 
        ON R.ACCESSION_NUMBER = F.ACCESSION_NUMBER
GROUP BY 
    REGISTRANT_NAME;",How many funds does each registrant have?,False
"SELECT 
    SUM(CAST(TOTAL_ASSETS AS FLOAT)) as Total_BlackRock_Assets
FROM 
    FUND_REPORTED_INFO F
    JOIN REGISTRANT R 
        ON F.ACCESSION_NUMBER = R.ACCESSION_NUMBER
WHERE 
    R.REGISTRANT_NAME LIKE '%BLACKROCK%';",What are the total assets of BlackRock funds?,False
"SELECT 
    R.REGISTRANT_NAME,
    F.SERIES_NAME
FROM 
    REGISTRANT R
    JOIN FUND_REPORTED_INFO F 
        ON R.ACCESSION_NUMBER = F.ACCESSION_NUMBER;",List all funds with their registrant names,Error
"SELECT 
    SERIES_NAME,
    TOTAL_LIABILITIES 
FROM 
    FUND_REPORTED_INFO 
ORDER BY 
    CAST(TOTAL_LIABILITIES AS FLOAT) DESC 
LIMIT 10;",Which funds have the highest total liabilities?,True
"WITH AssetTotals AS (
    SELECT 
        ASSET_CAT,
        COUNT(*) as Holdings_Count,
        SUM(CAST(CURRENCY_VALUE AS FLOAT)) as Total_Value
    FROM 
        FUND_REPORTED_HOLDING
    WHERE 
        ASSET_CAT IS NOT NULL
    GROUP BY 
        ASSET_CAT
)
SELECT 
    ASSET_CAT,
    Holdings_Count,
    ROUND(Total_Value / 1000000, 2) as Value_Millions
FROM 
    AssetTotals
ORDER BY 
    Total_Value DESC;",Which asset categories have the highest total investment value?,False
"SELECT 
    F.SERIES_NAME,
    MAX(S.FILING_DATE) as Latest_Filing
FROM 
    FUND_REPORTED_INFO F
    JOIN SUBMISSION S 
        ON F.ACCESSION_NUMBER = S.ACCESSION_NUMBER
GROUP BY 
    F.SERIES_NAME;",What's the latest filing date for each fund?,False
"SELECT 
    SERIES_NAME,
    ROUND(CAST(TOTAL_ASSETS AS FLOAT) / 1000000, 2) as Assets_Millions
FROM 
    FUND_REPORTED_INFO
WHERE 
    SERIES_NAME LIKE '%BOND%'
ORDER BY 
    Assets_Millions DESC
LIMIT 15;",Show me the largest bond funds,False
"SELECT 
    REGISTRANT_NAME,
    PHONE 
FROM 
    REGISTRANT 
WHERE 
    REGISTRANT_NAME LIKE '%VANGUARD%';",Show me the phone numbers of all Vanguard registrants,False
"SELECT 
    SERIES_NAME,
    TOTAL_ASSETS 
FROM 
    FUND_REPORTED_INFO 
WHERE 
    CAST(TOTAL_ASSETS AS FLOAT) BETWEEN 100000000 AND 500000000;",Which funds have assets between 100M and 500M?,False
"SELECT 
    REGISTRANT_NAME,
    CITY,
    STATE 
FROM 
    REGISTRANT 
ORDER BY 
    STATE,
    CITY;",List all registrants and their cities,False
"SELECT 
    R.REGISTRANT_NAME,
    MIN(S.FILING_DATE) as First_Filing
FROM 
    REGISTRANT R
    JOIN SUBMISSION S 
        ON R.ACCESSION_NUMBER = S.ACCESSION_NUMBER
GROUP BY 
    R.REGISTRANT_NAME;",Show me the earliest filing date for each registrant,False
"SELECT 
    SERIES_NAME 
FROM 
    FUND_REPORTED_INFO 
WHERE 
    TOTAL_ASSETS = NET_ASSETS;",Which funds have total assets equal to net assets?,True
"SELECT 
    SERIES_NAME,
    TOTAL_ASSETS 
FROM 
    FUND_REPORTED_INFO 
WHERE 
    SERIES_NAME LIKE '%INCOME%';",List all funds with 'Income' in their name,True
"WITH FundSizeBuckets AS (
    SELECT 
        SERIES_NAME,
        CAST(NET_ASSETS AS FLOAT) as Net_Assets,
        CASE 
            WHEN CAST(NET_ASSETS AS FLOAT) >= 10000000000 THEN 'Very Large (>10B)'
            WHEN CAST(NET_ASSETS AS FLOAT) >= 1000000000 THEN 'Large (1B-10B)'
            WHEN CAST(NET_ASSETS AS FLOAT) >= 100000000 THEN 'Medium (100M-1B)'
            ELSE 'Small (<100M)'
        END as Size_Category
    FROM 
        FUND_REPORTED_INFO
    WHERE 
        NET_ASSETS IS NOT NULL
)
SELECT 
    Size_Category,
    COUNT(*) as Number_of_Funds,
    ROUND(AVG(Net_Assets) / 1000000, 2) as Avg_Net_Assets_Millions,
    ROUND(MIN(Net_Assets) / 1000000, 2) as Min_Net_Assets_Millions,
    ROUND(MAX(Net_Assets) / 1000000, 2) as Max_Net_Assets_Millions
FROM 
    FundSizeBuckets
GROUP BY 
    Size_Category
ORDER BY 
    MIN(Net_Assets);",Group funds into size categories based on their net assets,True
"SELECT 
    SERIES_NAME,
    CAST(TOTAL_LIABILITIES AS FLOAT) / CAST(TOTAL_ASSETS AS FLOAT) as Liability_Ratio
FROM 
    FUND_REPORTED_INFO
WHERE 
    TOTAL_ASSETS != '0'
ORDER BY 
    Liability_Ratio DESC
LIMIT 5;",Which funds have the highest liabilities to assets ratio?,True
"SELECT 
    R.REGISTRANT_NAME,
    COUNT(F.SERIES_NAME) as Fund_Count,
    SUM(CAST(F.TOTAL_ASSETS AS FLOAT)) as Total_Assets
FROM 
    REGISTRANT R
    JOIN FUND_REPORTED_INFO F 
        ON R.ACCESSION_NUMBER = F.ACCESSION_NUMBER
GROUP BY 
    R.REGISTRANT_NAME;",List all registrants with their fund count and total assets,False
"SELECT 
    SERIES_NAME,
    TOTAL_ASSETS 
FROM 
    FUND_REPORTED_INFO 
WHERE 
    SERIES_NAME LIKE '%GROWTH%';",Show me all funds with 'Growth' in their name,True
"WITH LargeFunds AS (
    SELECT 
        SERIES_NAME,
        CAST(TOTAL_ASSETS AS FLOAT) / 1000000 as Assets_Millions
    FROM 
        FUND_REPORTED_INFO
    WHERE 
        TOTAL_ASSETS >= 1000000000
)
SELECT * FROM LargeFunds
ORDER BY Assets_Millions DESC
LIMIT 15;",Show me the funds with over $1 billion in assets,False
"SELECT 
    SERIES_NAME,
    NET_ASSETS 
FROM 
    FUND_REPORTED_INFO 
ORDER BY 
    CAST(NET_ASSETS AS FLOAT) DESC 
LIMIT 10;",List the top 10 funds by net assets,True
"SELECT 
    F.SERIES_NAME,
    F.TOTAL_ASSETS
FROM 
    FUND_REPORTED_INFO F
    JOIN REGISTRANT R 
        ON F.ACCESSION_NUMBER = R.ACCESSION_NUMBER
WHERE 
    R.REGISTRANT_NAME LIKE '%FIDELITY%';",Show me all Fidelity funds,True
"SELECT 
    SERIES_NAME 
FROM 
    FUND_REPORTED_INFO 
WHERE 
    TOTAL_LIABILITIES = '0' 
    OR TOTAL_LIABILITIES IS NULL;",Which funds have zero liabilities?,True
"SELECT 
    R.REGISTRANT_NAME,
    F.TOTAL_ASSETS
FROM 
    REGISTRANT R
    JOIN FUND_REPORTED_INFO F 
        ON R.ACCESSION_NUMBER = F.ACCESSION_NUMBER;",List all registrants with their latest fund's assets,False
"SELECT 
    SERIES_NAME,
    TOTAL_ASSETS 
FROM 
    FUND_REPORTED_INFO 
WHERE 
    SERIES_NAME LIKE '%INTERNATIONAL%';",Show me all funds with 'International' in their name,True
"WITH CashHoldings AS (
    SELECT 
        SERIES_NAME,
        ROUND(CAST(CASH_NOT_RPTD_IN_C_OR_D AS FLOAT) / 1000000, 2) as Cash_Millions
    FROM 
        FUND_REPORTED_INFO
    WHERE 
        CASH_NOT_RPTD_IN_C_OR_D IS NOT NULL
)
SELECT * FROM CashHoldings
ORDER BY Cash_Millions DESC
LIMIT 10;",Which funds have the most cash on hand?,True
"SELECT 
    F.SERIES_NAME,
    S.FILING_DATE
FROM 
    FUND_REPORTED_INFO F
    JOIN SUBMISSION S 
        ON F.ACCESSION_NUMBER = S.ACCESSION_NUMBER;",List all funds with their submission dates,True
"SELECT 
    SERIES_NAME,
    TOTAL_ASSETS 
FROM 
    FUND_REPORTED_INFO 
WHERE 
    TOTAL_ASSETS IS NOT NULL
ORDER BY 
    CAST(TOTAL_ASSETS AS FLOAT) ASC 
LIMIT 5;",Show me the smallest 5 funds by total assets,True
"SELECT 
    REGISTRANT_NAME,
    COUNT(DISTINCT PHONE) as Phone_Count
FROM 
    REGISTRANT
GROUP BY 
    REGISTRANT_NAME
HAVING 
    Phone_Count > 1;",Which registrants have multiple phone numbers?,Error
"SELECT 
    SERIES_NAME,
    TOTAL_ASSETS 
FROM 
    FUND_REPORTED_INFO 
WHERE 
    SERIES_NAME LIKE '%BOND%';",List all funds with 'Bond' in their name,True
"SELECT 
    REGISTRANT_NAME,
    CITY,
    ADDRESS1 
FROM 
    REGISTRANT 
WHERE 
    STATE = 'FL';",Show me all registrants from Florida,True
"SELECT 
    SERIES_NAME,
    ROUND(CAST(CASH_NOT_RPTD_IN_C_OR_D AS FLOAT) * 100.0 / 
          CAST(TOTAL_ASSETS AS FLOAT), 2) as Cash_Percentage
FROM 
    FUND_REPORTED_INFO
WHERE 
    CASH_NOT_RPTD_IN_C_OR_D IS NOT NULL 
    AND TOTAL_ASSETS > 0
ORDER BY 
    Cash_Percentage DESC
LIMIT 15;",Show me funds with the highest ratio of cash to total assets,True
"SELECT 
    SERIES_NAME,
    TOTAL_ASSETS 
FROM 
    FUND_REPORTED_INFO 
WHERE 
    SERIES_NAME LIKE '%INDEX%';",List all funds with 'Index' in their name,True
"SELECT 
    R.REGISTRANT_NAME,
    MAX(S.FILING_DATE) as Latest_Filing
FROM 
    REGISTRANT R
    JOIN SUBMISSION S 
        ON R.ACCESSION_NUMBER = S.ACCESSION_NUMBER
GROUP BY 
    R.REGISTRANT_NAME
ORDER BY 
    Latest_Filing DESC
LIMIT 5;",Show me the registrants with the most recent filings,False
"SELECT 
    SERIES_NAME,
    TOTAL_ASSETS 
FROM 
    FUND_REPORTED_INFO 
WHERE 
    SERIES_NAME LIKE '%ETF%';",Which funds have 'ETF' in their name?,False
"SELECT 
    REGISTRANT_NAME,
    ZIP,
    STATE 
FROM 
    REGISTRANT 
ORDER BY 
    ZIP;",List all registrants with their ZIP codes,False
"SELECT 
    SERIES_NAME,
    ROUND(CAST(TOTAL_ASSETS AS FLOAT) / 1000000, 2) as Assets_Millions
FROM 
    FUND_REPORTED_INFO
WHERE 
    SERIES_NAME LIKE '%EQUITY%'
    OR SERIES_NAME LIKE '%STOCK%'
ORDER BY 
    Assets_Millions DESC
LIMIT 20;",Show me all equity-focused funds,False
"SELECT 
    SERIES_NAME,
    TOTAL_ASSETS 
FROM 
    FUND_REPORTED_INFO 
WHERE 
    CAST(TOTAL_ASSETS AS FLOAT) > 10000000000;",Which funds have assets over 10 billion?,False
"SELECT 
    REGISTRANT_NAME,
    COUNTRY,
    STATE 
FROM 
    REGISTRANT 
ORDER BY 
    COUNTRY,
    STATE;",List all registrants with their country,False
"WITH ESGFunds AS (
    SELECT 
        SERIES_NAME,
        TOTAL_ASSETS
    FROM 
        FUND_REPORTED_INFO
    WHERE 
        SERIES_NAME LIKE '%SUSTAINABLE%'
        OR SERIES_NAME LIKE '%ESG%'
)
SELECT 
    COUNT(*) as Number_of_ESG_Funds,
    SUM(CAST(TOTAL_ASSETS AS FLOAT)) as Total_ESG_Assets
FROM 
    ESGFunds;",I'm looking for any funds with 'sustainable' or 'ESG' in their name what's their total AUM?,False
"WITH StateRegistrants AS (
    SELECT 
        STATE,
        COUNT(DISTINCT REGISTRANT_NAME) as Registrant_Count,
        COUNT(DISTINCT F.SERIES_NAME) as Fund_Count
    FROM 
        REGISTRANT R
        LEFT JOIN FUND_REPORTED_INFO F 
            ON R.ACCESSION_NUMBER = F.ACCESSION_NUMBER
    WHERE 
        STATE IS NOT NULL
    GROUP BY 
        STATE
)
SELECT 
    STATE,
    Registrant_Count,
    Fund_Count
FROM 
    StateRegistrants
ORDER BY 
    Registrant_Count DESC
LIMIT 5;",Could you check which states have the most fund registrants? Top 5 is fine.,False
"WITH FundTypes AS (
    SELECT 
        R.REGISTRANT_NAME,
        COUNT(DISTINCT 
            CASE 
                WHEN F.SERIES_NAME LIKE '%BOND%' THEN 'BOND'
                WHEN F.SERIES_NAME LIKE '%EQUITY%' THEN 'EQUITY'
                WHEN F.SERIES_NAME LIKE '%MONEY MARKET%' THEN 'MONEY MARKET'
                WHEN F.SERIES_NAME LIKE '%INDEX%' THEN 'INDEX'
                WHEN F.SERIES_NAME LIKE '%ETF%' THEN 'ETF'
                ELSE 'OTHER'
            END
        ) as Fund_Type_Count
    FROM 
        REGISTRANT R
        JOIN FUND_REPORTED_INFO F 
            ON R.ACCESSION_NUMBER = F.ACCESSION_NUMBER
    GROUP BY 
        R.REGISTRANT_NAME
)
SELECT 
    REGISTRANT_NAME,
    Fund_Type_Count
FROM 
    FundTypes
WHERE 
    Fund_Type_Count > 2
ORDER BY 
    Fund_Type_Count DESC
LIMIT 10;",Find out which investment firms manage the most diverse portfolio of fund types?,Error
"WITH HoldingConcentration AS (
    SELECT 
        F.SERIES_NAME,
        H.ISSUER_NAME,
        H.PERCENTAGE,
        F.TOTAL_ASSETS
    FROM 
        FUND_REPORTED_INFO F
        JOIN FUND_REPORTED_HOLDING H 
            ON F.ACCESSION_NUMBER = H.ACCESSION_NUMBER
    WHERE 
        CAST(H.PERCENTAGE AS FLOAT) > 10.0
)
SELECT 
    SERIES_NAME,
    ISSUER_NAME,
    PERCENTAGE,
    TOTAL_ASSETS
FROM 
    HoldingConcentration
ORDER BY 
    CAST(PERCENTAGE AS FLOAT) DESC;",I need to check which funds may be too concentrated - find ones where a single holding is more than 10% of their portfolio?,Error
"WITH FundReturns AS (
    SELECT 
        F.SERIES_NAME,
        CASE 
            WHEN F.SERIES_NAME LIKE '%BOND%' THEN 'Bond'
            WHEN F.SERIES_NAME LIKE '%EQUITY%' THEN 'Equity'
        END as Fund_Type,
        M.MONTHLY_TOTAL_RETURN1
    FROM 
        FUND_REPORTED_INFO F
        JOIN MONTHLY_TOTAL_RETURN M 
            ON F.ACCESSION_NUMBER = M.ACCESSION_NUMBER
    WHERE 
        F.SERIES_NAME LIKE '%BOND%'
        OR F.SERIES_NAME LIKE '%EQUITY%'
)
SELECT 
    Fund_Type,
    AVG(CAST(MONTHLY_TOTAL_RETURN1 AS FLOAT)) as Avg_Return,
    COUNT(*) as Fund_Count
FROM 
    FundReturns
GROUP BY 
    Fund_Type;",Compare how our bond funds performed against equity funds in the last month,Error
"WITH AssetGrowth AS (
    SELECT 
        R.REGISTRANT_NAME,
        SUM(CAST(F.TOTAL_ASSETS AS FLOAT)) as Current_Assets,
        LAG(SUM(CAST(F.TOTAL_ASSETS AS FLOAT))) OVER (
            PARTITION BY R.REGISTRANT_NAME 
            ORDER BY S.FILING_DATE
        ) as Previous_Assets,
        S.FILING_DATE
    FROM 
        REGISTRANT R
        JOIN FUND_REPORTED_INFO F 
            ON R.ACCESSION_NUMBER = F.ACCESSION_NUMBER
        JOIN SUBMISSION S 
            ON F.ACCESSION_NUMBER = S.ACCESSION_NUMBER
    GROUP BY 
        R.REGISTRANT_NAME,
        S.FILING_DATE
)
SELECT 
    REGISTRANT_NAME,
    ((Current_Assets - Previous_Assets) / Previous_Assets * 100) as Growth_Percentage
FROM 
    AssetGrowth
WHERE 
    Previous_Assets IS NOT NULL
    AND Previous_Assets > 0
ORDER BY 
    Growth_Percentage DESC
LIMIT 10;",Which investment firms seem to be growing the fastest based on their asset growth?,Error
"WITH BorrowingTrends AS (
    SELECT 
        F.SERIES_NAME,
        F.TOTAL_ASSETS,
        F.BORROWING_PAY_WITHIN_1YR,
        F.BORROWING_PAY_AFTER_1YR,
        CAST(F.BORROWING_PAY_WITHIN_1YR AS FLOAT) / NULLIF(CAST(F.TOTAL_ASSETS AS FLOAT), 0) * 100 as Short_Term_Borrow_Ratio,
        CAST(F.BORROWING_PAY_AFTER_1YR AS FLOAT) / NULLIF(CAST(F.TOTAL_ASSETS AS FLOAT), 0) * 100 as Long_Term_Borrow_Ratio
    FROM 
        FUND_REPORTED_INFO F
)
SELECT 
    SERIES_NAME,
    Short_Term_Borrow_Ratio,
    Long_Term_Borrow_Ratio,
    Short_Term_Borrow_Ratio + Long_Term_Borrow_Ratio as Total_Borrow_Ratio
FROM 
    BorrowingTrends
WHERE 
    Short_Term_Borrow_Ratio + Long_Term_Borrow_Ratio > 10
ORDER BY 
    Total_Borrow_Ratio DESC;",Any funds that seem to be taking on more risk lately? Look at their borrowing trends.,Error
"WITH GeographicDiversity AS (
    SELECT 
        R.REGISTRANT_NAME,
        COUNT(DISTINCT H.INVESTMENT_COUNTRY) as Country_Count,
        COUNT(DISTINCT H.HOLDING_ID) as Total_Holdings
    FROM 
        REGISTRANT R
        JOIN FUND_REPORTED_INFO F 
            ON R.ACCESSION_NUMBER = F.ACCESSION_NUMBER
        JOIN FUND_REPORTED_HOLDING H 
            ON F.ACCESSION_NUMBER = H.ACCESSION_NUMBER
    WHERE 
        H.INVESTMENT_COUNTRY IS NOT NULL
    GROUP BY 
        R.REGISTRANT_NAME
)
SELECT 
    REGISTRANT_NAME,
    Country_Count,
    Total_Holdings,
    ROUND(CAST(Country_Count AS FLOAT) / CAST(Total_Holdings AS FLOAT) * 100, 2) as Diversity_Score
FROM 
    GeographicDiversity
WHERE 
    Total_Holdings > 10
ORDER BY 
    Country_Count DESC
LIMIT 10;",Check which investment firms have the most diverse geographic exposure in their holdings,True
"WITH StylePerformance AS (
    SELECT 
        CASE 
            WHEN F.SERIES_NAME LIKE '%GROWTH%' THEN 'Growth'
            WHEN F.SERIES_NAME LIKE '%VALUE%' THEN 'Value'
            WHEN F.SERIES_NAME LIKE '%BLEND%' THEN 'Blend'
            ELSE 'Other'
        END as Investment_Style,
        AVG(CAST(M.MONTHLY_TOTAL_RETURN1 AS FLOAT)) as Avg_Monthly_Return,
        COUNT(*) as Fund_Count
    FROM 
        FUND_REPORTED_INFO F
        JOIN MONTHLY_TOTAL_RETURN M 
            ON F.ACCESSION_NUMBER = M.ACCESSION_NUMBER
    GROUP BY 
        CASE 
            WHEN F.SERIES_NAME LIKE '%GROWTH%' THEN 'Growth'
            WHEN F.SERIES_NAME LIKE '%VALUE%' THEN 'Value'
            WHEN F.SERIES_NAME LIKE '%BLEND%' THEN 'Blend'
            ELSE 'Other'
        END
)
SELECT 
    Investment_Style,
    Avg_Monthly_Return,
    Fund_Count
FROM 
    StylePerformance
WHERE 
    Investment_Style != 'Other'
ORDER BY 
    Avg_Monthly_Return DESC;",Find which investment styles are performing best this quarter? Like growth vs value funds?,Error
"WITH InterestRateExposure AS (
    SELECT 
        F.SERIES_NAME,
        IR.INTRST_RATE_CHANGE_10YR_DV01,
        IR.INTRST_RATE_CHANGE_30YR_DV01,
        F.TOTAL_ASSETS
    FROM 
        FUND_REPORTED_INFO F
        JOIN INTEREST_RATE_RISK IR 
            ON F.ACCESSION_NUMBER = IR.ACCESSION_NUMBER
    WHERE 
        IR.INTRST_RATE_CHANGE_10YR_DV01 IS NOT NULL
)
SELECT 
    SERIES_NAME,
    CAST(INTRST_RATE_CHANGE_10YR_DV01 AS FLOAT) as Ten_Year_Risk,
    CAST(INTRST_RATE_CHANGE_30YR_DV01 AS FLOAT) as Thirty_Year_Risk
FROM 
    InterestRateExposure
WHERE 
    CAST(INTRST_RATE_CHANGE_10YR_DV01 AS FLOAT) > 1.0
    OR CAST(INTRST_RATE_CHANGE_30YR_DV01 AS FLOAT) > 1.0
ORDER BY 
    Ten_Year_Risk DESC;",Find me funds that might be too exposed to interest rate changes - check their duration risk,Error
"WITH ConsistentPerformers AS (
    SELECT 
        F.SERIES_NAME,
        M.MONTHLY_TOTAL_RETURN1,
        M.MONTHLY_TOTAL_RETURN2,
        M.MONTHLY_TOTAL_RETURN3,
        (CAST(M.MONTHLY_TOTAL_RETURN1 AS FLOAT) + 
         CAST(M.MONTHLY_TOTAL_RETURN2 AS FLOAT) + 
         CAST(M.MONTHLY_TOTAL_RETURN3 AS FLOAT)) / 3 as Avg_Return
    FROM 
        FUND_REPORTED_INFO F
        JOIN MONTHLY_TOTAL_RETURN M 
            ON F.ACCESSION_NUMBER = M.ACCESSION_NUMBER
    WHERE 
        M.MONTHLY_TOTAL_RETURN1 IS NOT NULL
        AND M.MONTHLY_TOTAL_RETURN2 IS NOT NULL
        AND M.MONTHLY_TOTAL_RETURN3 IS NOT NULL
)
SELECT 
    SERIES_NAME,
    MONTHLY_TOTAL_RETURN1,
    MONTHLY_TOTAL_RETURN2,
    MONTHLY_TOTAL_RETURN3,
    Avg_Return
FROM 
    ConsistentPerformers
WHERE 
    CAST(MONTHLY_TOTAL_RETURN1 AS FLOAT) > 0
    AND CAST(MONTHLY_TOTAL_RETURN2 AS FLOAT) > 0
    AND CAST(MONTHLY_TOTAL_RETURN3 AS FLOAT) > 0
ORDER BY 
    Avg_Return DESC
LIMIT 10;",I need to find funds with strong and consistent returns over all three months,Error
"WITH CurrencyExposure AS (
    SELECT 
        F.SERIES_NAME,
        COUNT(DISTINCT H.CURRENCY_CODE) as Currency_Count,
        SUM(CASE 
            WHEN H.CURRENCY_CODE NOT IN ('USD', 'EUR', 'GBP', 'JPY', 'CHF') 
            THEN CAST(H.CURRENCY_VALUE AS FLOAT) 
            ELSE 0 
        END) as Emerging_Market_Exposure
    FROM 
        FUND_REPORTED_INFO F
        JOIN FUND_REPORTED_HOLDING H 
            ON F.ACCESSION_NUMBER = H.ACCESSION_NUMBER
    WHERE 
        H.CURRENCY_CODE IS NOT NULL
    GROUP BY 
        F.SERIES_NAME
)
SELECT 
    SERIES_NAME,
    Currency_Count,
    Emerging_Market_Exposure
FROM 
    CurrencyExposure
WHERE 
    Currency_Count > 3
ORDER BY 
    Emerging_Market_Exposure DESC
LIMIT 15;",Which funds have the most foreign currency exposure? Interested in emerging markets,True
"WITH CategoryReturns AS (
    SELECT 
        H.ASSET_CAT,
        AVG(CAST(M.MONTHLY_TOTAL_RETURN1 AS FLOAT)) as Avg_Return,
        COUNT(DISTINCT F.SERIES_NAME) as Fund_Count
    FROM 
        FUND_REPORTED_HOLDING H
        JOIN FUND_REPORTED_INFO F 
            ON H.ACCESSION_NUMBER = F.ACCESSION_NUMBER
        JOIN MONTHLY_TOTAL_RETURN M 
            ON F.ACCESSION_NUMBER = M.ACCESSION_NUMBER
    WHERE 
        H.ASSET_CAT IS NOT NULL
    GROUP BY 
        H.ASSET_CAT
)
SELECT 
    ASSET_CAT,
    Avg_Return,
    Fund_Count
FROM 
    CategoryReturns
WHERE 
    Fund_Count > 5
ORDER BY 
    Avg_Return DESC;",Show me which asset categories had the best returns last month?,False
"WITH CreditRiskExposure AS (
    SELECT 
        F.SERIES_NAME,
        SUM(CAST(F.CREDIT_SPREAD_10YR_NONINVEST AS FLOAT)) as NonInvest_Exposure,
        SUM(CAST(F.CREDIT_SPREAD_10YR_INVEST AS FLOAT)) as Invest_Exposure,
        F.TOTAL_ASSETS
    FROM 
        FUND_REPORTED_INFO F
    WHERE 
        F.CREDIT_SPREAD_10YR_NONINVEST IS NOT NULL
    GROUP BY 
        F.SERIES_NAME,
        F.TOTAL_ASSETS
)
SELECT 
    SERIES_NAME,
    NonInvest_Exposure / NULLIF(CAST(TOTAL_ASSETS AS FLOAT), 0) * 100 as NonInvest_Percentage
FROM 
    CreditRiskExposure
WHERE 
    NonInvest_Exposure > Invest_Exposure
ORDER BY 
    NonInvest_Percentage DESC;",Find me funds that might be taking on too much credit risk - look at their non-investment grade holdings,Error
"WITH FundTypes AS (
    SELECT 
        R.REGISTRANT_NAME,
        COUNT(DISTINCT 
            CASE 
                WHEN F.SERIES_NAME LIKE '%BOND%' THEN 'BOND'
                WHEN F.SERIES_NAME LIKE '%EQUITY%' THEN 'EQUITY'
                WHEN F.SERIES_NAME LIKE '%ETF%' THEN 'ETF'
                WHEN F.SERIES_NAME LIKE '%INDEX%' THEN 'INDEX'
                WHEN F.SERIES_NAME LIKE '%MONEY MARKET%' THEN 'MONEY MARKET'
                WHEN F.SERIES_NAME LIKE '%BALANCED%' THEN 'BALANCED'
                ELSE 'OTHER'
            END
        ) as Fund_Type_Count,
        COUNT(*) as Total_Funds
    FROM 
        REGISTRANT R
        JOIN FUND_REPORTED_INFO F 
            ON R.ACCESSION_NUMBER = F.ACCESSION_NUMBER
    GROUP BY 
        R.REGISTRANT_NAME
)
SELECT 
    REGISTRANT_NAME,
    Fund_Type_Count,
    Total_Funds,
    (Fund_Type_Count * 100.0 / Total_Funds) as Diversity_Score
FROM 
    FundTypes
WHERE 
    Total_Funds >= 5
ORDER BY 
    Fund_Type_Count DESC, Total_Funds DESC;",Which registrants have the most diverse mix of fund types in their lineup?,True
"WITH BondQuality AS (
    SELECT 
        F.SERIES_NAME,
        F.TOTAL_ASSETS,
        F.CREDIT_SPREAD_10YR_INVEST,
        F.CREDIT_SPREAD_10YR_NONINVEST,
        CAST(F.CREDIT_SPREAD_10YR_INVEST AS FLOAT) / 
        NULLIF(CAST(F.CREDIT_SPREAD_10YR_INVEST AS FLOAT) + 
               CAST(F.CREDIT_SPREAD_10YR_NONINVEST AS FLOAT), 0) * 100 as Investment_Grade_Ratio
    FROM 
        FUND_REPORTED_INFO F
    WHERE 
        F.SERIES_NAME LIKE '%BOND%'
        OR F.SERIES_NAME LIKE '%FIXED INCOME%'
)
SELECT 
    SERIES_NAME,
    Investment_Grade_Ratio,
    TOTAL_ASSETS
FROM 
    BondQuality
WHERE 
    Investment_Grade_Ratio > 80
ORDER BY 
    Investment_Grade_Ratio DESC
LIMIT 15;",Show me the funds with the highest quality fixed income portfolios,True
"WITH FundSizePerformance AS (
    SELECT 
        F.SERIES_NAME,
        CAST(F.TOTAL_ASSETS AS FLOAT) as Assets,
        CAST(M.MONTHLY_TOTAL_RETURN1 AS FLOAT) as Latest_Return,
        NTILE(4) OVER (ORDER BY CAST(F.TOTAL_ASSETS AS FLOAT)) as Size_Quartile
    FROM 
        FUND_REPORTED_INFO F
        JOIN MONTHLY_TOTAL_RETURN M 
            ON F.ACCESSION_NUMBER = M.ACCESSION_NUMBER
    WHERE 
        F.TOTAL_ASSETS IS NOT NULL
        AND M.MONTHLY_TOTAL_RETURN1 IS NOT NULL
)
SELECT 
    Size_Quartile,
    AVG(Latest_Return) as Avg_Return,
    COUNT(*) as Fund_Count,
    AVG(Assets) as Avg_Assets
FROM 
    FundSizePerformance
GROUP BY 
    Size_Quartile
ORDER BY 
    Size_Quartile;",How have the largest funds performed compared to smaller ones this quarter?,False
"WITH LiquidityAnalysis AS (
    SELECT 
        F.SERIES_NAME,
        CAST(F.CASH_NOT_RPTD_IN_C_OR_D AS FLOAT) as Cash,
        CAST(F.BORROWING_PAY_WITHIN_1YR AS FLOAT) as Short_Term_Obligations,
        CAST(F.TOTAL_ASSETS AS FLOAT) as Total_Assets
    FROM 
        FUND_REPORTED_INFO F
    WHERE 
        F.CASH_NOT_RPTD_IN_C_OR_D IS NOT NULL
)
SELECT 
    SERIES_NAME,
    Cash / NULLIF(Short_Term_Obligations, 0) as Cash_Coverage_Ratio,
    Cash / Total_Assets * 100 as Cash_Percentage
FROM 
    LiquidityAnalysis
WHERE 
    Short_Term_Obligations > 0
ORDER BY 
    Cash_Coverage_Ratio ASC
LIMIT 15;",Looking for funds that might have liquidity issues - check their cash versus short-term obligations,False
"WITH InternationalExposure AS (
    SELECT 
        R.REGISTRANT_NAME,
        COUNT(CASE WHEN H.INVESTMENT_COUNTRY != 'US' THEN 1 END) as International_Holdings,
        COUNT(*) as Total_Holdings,
        SUM(CASE WHEN H.INVESTMENT_COUNTRY != 'US' 
            THEN CAST(H.CURRENCY_VALUE AS FLOAT) ELSE 0 END) as International_Value
    FROM 
        REGISTRANT R
        JOIN FUND_REPORTED_INFO F 
            ON R.ACCESSION_NUMBER = F.ACCESSION_NUMBER
        JOIN FUND_REPORTED_HOLDING H 
            ON F.ACCESSION_NUMBER = H.ACCESSION_NUMBER
    GROUP BY 
        R.REGISTRANT_NAME
)
SELECT 
    REGISTRANT_NAME,
    International_Holdings * 100.0 / NULLIF(Total_Holdings, 0) as International_Percentage,
    International_Value
FROM 
    InternationalExposure
WHERE 
    Total_Holdings > 10
ORDER BY 
    International_Percentage DESC
LIMIT 10;",Which investment companies are most exposed to international markets?,Error
"WITH SectorConcentration AS (
    SELECT 
        F.SERIES_NAME,
        H.ASSET_CAT,
        COUNT(*) as Holdings_Count,
        SUM(CAST(H.CURRENCY_VALUE AS FLOAT)) as Sector_Value,
        CAST(F.TOTAL_ASSETS AS FLOAT) as Total_Assets
    FROM 
        FUND_REPORTED_INFO F
        JOIN FUND_REPORTED_HOLDING H 
            ON F.ACCESSION_NUMBER = H.ACCESSION_NUMBER
    WHERE 
        H.ASSET_CAT IS NOT NULL
    GROUP BY 
        F.SERIES_NAME,
        H.ASSET_CAT,
        F.TOTAL_ASSETS
)
SELECT 
    SERIES_NAME,
    ASSET_CAT,
    (Sector_Value / Total_Assets * 100) as Sector_Percentage
FROM 
    SectorConcentration
WHERE 
    (Sector_Value / Total_Assets * 100) > 30
ORDER BY 
    Sector_Percentage DESC;",Help me find funds that might be too concentrated in specific sectors,Error
"WITH FixedIncomeQuality AS (
    SELECT 
        F.SERIES_NAME,
        SUM(CAST(F.CREDIT_SPREAD_10YR_INVEST AS FLOAT)) as Investment_Grade_Exposure,
        SUM(CAST(F.CREDIT_SPREAD_10YR_NONINVEST AS FLOAT)) as NonInvestment_Grade_Exposure,
        CAST(F.TOTAL_ASSETS AS FLOAT) as Total_Assets
    FROM 
        FUND_REPORTED_INFO F
    WHERE 
        F.SERIES_NAME LIKE '%BOND%'
        OR F.SERIES_NAME LIKE '%FIXED INCOME%'
    GROUP BY 
        F.SERIES_NAME,
        F.TOTAL_ASSETS
)
SELECT 
    SERIES_NAME,
    (Investment_Grade_Exposure / NULLIF(Investment_Grade_Exposure + NonInvestment_Grade_Exposure, 0) * 100) as Quality_Score
FROM 
    FixedIncomeQuality
WHERE 
    Investment_Grade_Exposure + NonInvestment_Grade_Exposure > 0
ORDER BY 
    Quality_Score DESC
LIMIT 15;",Find funds with the highest quality fixed-income holdings,Error
"WITH InterestRateRisk AS (
    SELECT 
        F.SERIES_NAME,
        IR.INTRST_RATE_CHANGE_10YR_DV01,
        IR.INTRST_RATE_CHANGE_30YR_DV01,
        F.TOTAL_ASSETS
    FROM 
        FUND_REPORTED_INFO F
        JOIN INTEREST_RATE_RISK IR 
            ON F.ACCESSION_NUMBER = IR.ACCESSION_NUMBER
    WHERE 
        IR.INTRST_RATE_CHANGE_10YR_DV01 IS NOT NULL
        OR IR.INTRST_RATE_CHANGE_30YR_DV01 IS NOT NULL
)
SELECT 
    SERIES_NAME,
    CAST(INTRST_RATE_CHANGE_10YR_DV01 AS FLOAT) as Ten_Year_Risk,
    CAST(INTRST_RATE_CHANGE_30YR_DV01 AS FLOAT) as Thirty_Year_Risk,
    CAST(INTRST_RATE_CHANGE_10YR_DV01 AS FLOAT) + CAST(INTRST_RATE_CHANGE_30YR_DV01 AS FLOAT) as Total_Risk
FROM 
    InterestRateRisk
ORDER BY 
    Total_Risk DESC
LIMIT 10;",Which funds are taking on the most interest rate risk?,True
"WITH TradingActivity AS (
    SELECT 
        F.SERIES_NAME,
        SUM(CAST(F.SALES_FLOW_MON1 AS FLOAT) + 
            CAST(F.SALES_FLOW_MON2 AS FLOAT) + 
            CAST(F.SALES_FLOW_MON3 AS FLOAT)) as Total_Sales,
        CAST(F.TOTAL_ASSETS AS FLOAT) as Assets
    FROM 
        FUND_REPORTED_INFO F
    WHERE 
        F.SALES_FLOW_MON1 IS NOT NULL 
        AND F.SALES_FLOW_MON2 IS NOT NULL 
        AND F.SALES_FLOW_MON3 IS NOT NULL
    GROUP BY 
        F.SERIES_NAME,
        F.TOTAL_ASSETS
)
SELECT 
    SERIES_NAME,
    (Total_Sales / NULLIF(Assets, 0)) * 100 as Turnover_Rate
FROM 
    TradingActivity
WHERE 
    Assets > 0
ORDER BY 
    Turnover_Rate DESC
LIMIT 15;",Identify funds with high portfolio turnover based on their trading activity?,False
"WITH LendingActivity AS (
    SELECT 
        R.REGISTRANT_NAME,
        COUNT(DISTINCT F.SERIES_NAME) as Total_Funds,
        COUNT(DISTINCT CASE 
            WHEN SL.IS_LOAN_BY_FUND = 'Y' 
            THEN F.SERIES_NAME 
        END) as Lending_Funds
    FROM 
        REGISTRANT R
        JOIN FUND_REPORTED_INFO F 
            ON R.ACCESSION_NUMBER = F.ACCESSION_NUMBER
        LEFT JOIN SECURITIES_LENDING SL 
            ON F.ACCESSION_NUMBER = SL.HOLDING_ID
    GROUP BY 
        R.REGISTRANT_NAME
)
SELECT 
    REGISTRANT_NAME,
    Lending_Funds,
    Total_Funds,
    (Lending_Funds * 100.0 / Total_Funds) as Lending_Percentage
FROM 
    LendingActivity
WHERE 
    Total_Funds >= 5
ORDER BY 
    Lending_Percentage DESC
LIMIT 15;",See which fund families are most active in securities lending,Error
"WITH LeverageAnalysis AS (
    SELECT 
        F.SERIES_NAME,
        CAST(F.BORROWING_PAY_WITHIN_1YR AS FLOAT) +
        CAST(F.BORROWING_PAY_AFTER_1YR AS FLOAT) as Total_Borrowing,
        CAST(F.TOTAL_ASSETS AS FLOAT) as Total_Assets
    FROM 
        FUND_REPORTED_INFO F
    WHERE 
        F.BORROWING_PAY_WITHIN_1YR IS NOT NULL
        AND F.BORROWING_PAY_AFTER_1YR IS NOT NULL
)
SELECT 
    SERIES_NAME,
    (Total_Borrowing / NULLIF(Total_Assets, 0) * 100) as Leverage_Ratio
FROM 
    LeverageAnalysis
WHERE 
    Total_Assets > 0
ORDER BY 
    Leverage_Ratio DESC
LIMIT 10;",Find funds that might be too leveraged through their borrowing activities,True
"WITH CounterpartyRisk AS (
    SELECT 
        F.SERIES_NAME,
        DC.DERIVATIVE_COUNTERPARTY_NAME,
        COUNT(*) as Transaction_Count,
        COUNT(DISTINCT DC.HOLDING_ID) as Unique_Positions
    FROM 
        FUND_REPORTED_INFO F
        JOIN FUND_REPORTED_HOLDING H 
            ON F.ACCESSION_NUMBER = H.ACCESSION_NUMBER
        JOIN DERIVATIVE_COUNTERPARTY DC 
            ON H.HOLDING_ID = DC.HOLDING_ID
    GROUP BY 
        F.SERIES_NAME,
        DC.DERIVATIVE_COUNTERPARTY_NAME
)
SELECT 
    SERIES_NAME,
    DERIVATIVE_COUNTERPARTY_NAME,
    Transaction_Count,
    Unique_Positions
FROM 
    CounterpartyRisk
ORDER BY 
    Transaction_Count DESC
LIMIT 15;",Check for funds with significant counterparty exposure through their derivatives,True
"WITH ReturnPatterns AS (
    SELECT 
        F.SERIES_NAME,
        CAST(M.MONTHLY_TOTAL_RETURN1 AS FLOAT) as Return1,
        CAST(M.MONTHLY_TOTAL_RETURN2 AS FLOAT) as Return2,
        CAST(M.MONTHLY_TOTAL_RETURN3 AS FLOAT) as Return3,
        ABS(CAST(M.MONTHLY_TOTAL_RETURN1 AS FLOAT) - 
            (CAST(M.MONTHLY_TOTAL_RETURN2 AS FLOAT) + 
             CAST(M.MONTHLY_TOTAL_RETURN3 AS FLOAT)) / 2) as Return_Deviation
    FROM 
        FUND_REPORTED_INFO F
        JOIN MONTHLY_TOTAL_RETURN M 
            ON F.ACCESSION_NUMBER = M.ACCESSION_NUMBER
    WHERE 
        M.MONTHLY_TOTAL_RETURN1 IS NOT NULL
        AND M.MONTHLY_TOTAL_RETURN2 IS NOT NULL
        AND M.MONTHLY_TOTAL_RETURN3 IS NOT NULL
)
SELECT 
    SERIES_NAME,
    Return1,
    Return2,
    Return3,
    Return_Deviation
FROM 
    ReturnPatterns
WHERE 
    Return_Deviation > 5
ORDER BY 
    Return_Deviation DESC;",Find funds with unusual monthly return patterns - looking for potential outliers,Error
"WITH MaturityDiversity AS (
    SELECT 
        F.SERIES_NAME,
        COUNT(DISTINCT 
            CASE 
                WHEN DS.MATURITY_DATE <= DATE('now', '+1 year') THEN 'SHORT_TERM'
                WHEN DS.MATURITY_DATE <= DATE('now', '+5 year') THEN 'MEDIUM_TERM'
                ELSE 'LONG_TERM'
            END
        ) as Maturity_Types,
        COUNT(*) as Total_Debt_Securities
    FROM 
        FUND_REPORTED_INFO F
        JOIN FUND_REPORTED_HOLDING H 
            ON F.ACCESSION_NUMBER = H.ACCESSION_NUMBER
        JOIN DEBT_SECURITY DS 
            ON H.HOLDING_ID = DS.HOLDING_ID
    WHERE 
        DS.MATURITY_DATE IS NOT NULL
    GROUP BY 
        F.SERIES_NAME
)
SELECT 
    SERIES_NAME,
    Maturity_Types,
    Total_Debt_Securities,
    (Maturity_Types * 100.0 / 3) as Diversity_Score
FROM 
    MaturityDiversity
WHERE 
    Total_Debt_Securities >= 5
ORDER BY 
    Maturity_Types DESC, 
    Total_Debt_Securities DESC;",Show me which funds have the most diverse debt security holdings by maturity,False
"WITH QuarterlySizes AS (
    SELECT 
        QUARTER,
        COUNT(DISTINCT SERIES_NAME) as Number_of_Funds,
        AVG(CAST(TOTAL_ASSETS AS FLOAT)) as Average_Fund_Size,
        SUM(CAST(TOTAL_ASSETS AS FLOAT)) as Total_Industry_Assets
    FROM 
        FUND_REPORTED_INFO
    WHERE 
        TOTAL_ASSETS IS NOT NULL
    GROUP BY 
        QUARTER
)
SELECT * FROM QuarterlySizes
ORDER BY 
    QUARTER DESC;",How has the average fund size changed over the last few quarters?,False
"WITH InternationalExposure AS (
    SELECT 
        QUARTER,
        COUNT(CASE WHEN INVESTMENT_COUNTRY != 'US' THEN 1 END) as International_Holdings,
        COUNT(*) as Total_Holdings
    FROM 
        FUND_REPORTED_HOLDING
    GROUP BY 
        QUARTER
)
SELECT 
    QUARTER,
    International_Holdings,
    Total_Holdings,
    (International_Holdings * 100.0 / Total_Holdings) as International_Percentage
FROM 
    InternationalExposure
ORDER BY 
    QUARTER DESC;",What's the quarter-over-quarter change in international exposure?,Error
"WITH CreditQuality AS (
    SELECT 
        QUARTER,
        CAST(CREDIT_SPREAD_10YR_INVEST AS FLOAT) as Investment_Grade,
        CAST(CREDIT_SPREAD_10YR_NONINVEST AS FLOAT) as NonInvestment_Grade
    FROM 
        FUND_REPORTED_INFO
    WHERE 
        CREDIT_SPREAD_10YR_INVEST IS NOT NULL 
        OR CREDIT_SPREAD_10YR_NONINVEST IS NOT NULL
)
SELECT 
    QUARTER,
    AVG(Investment_Grade) as Avg_Investment_Grade_Spread,
    AVG(NonInvestment_Grade) as Avg_NonInvestment_Grade_Spread
FROM 
    CreditQuality
GROUP BY 
    QUARTER
ORDER BY 
    QUARTER DESC;",Show quarterly trends in credit quality for fixed income funds,Error
"WITH LeverageMetrics AS (
    SELECT 
        QUARTER,
        SERIES_NAME,
        CAST(BORROWING_PAY_WITHIN_1YR AS FLOAT) + 
        CAST(BORROWING_PAY_AFTER_1YR AS FLOAT) as Total_Borrowing
    FROM 
        FUND_REPORTED_INFO
    WHERE 
        BORROWING_PAY_WITHIN_1YR IS NOT NULL 
        OR BORROWING_PAY_AFTER_1YR IS NOT NULL
)
SELECT 
    QUARTER,
    AVG(Total_Borrowing) as Avg_Total_Borrowing,
    COUNT(DISTINCT SERIES_NAME) as Number_of_Funds_With_Borrowing
FROM 
    LeverageMetrics
GROUP BY 
    QUARTER
ORDER BY 
    QUARTER DESC;",How has average fund leverage changed quarter by quarter?,Error
"WITH LendingActivity AS (
    SELECT 
        sl.QUARTER,
        f.SERIES_NAME,
        sl.IS_LOAN_BY_FUND
    FROM 
        FUND_REPORTED_INFO f
        LEFT JOIN SECURITIES_LENDING sl ON f.ACCESSION_NUMBER = sl.HOLDING_ID
)
SELECT 
    QUARTER,
    COUNT(DISTINCT CASE WHEN IS_LOAN_BY_FUND = 'Y' THEN SERIES_NAME END) as Lending_Funds,
    COUNT(DISTINCT SERIES_NAME) as Total_Funds,
    (COUNT(DISTINCT CASE WHEN IS_LOAN_BY_FUND = 'Y' THEN SERIES_NAME END) * 100.0 / 
     COUNT(DISTINCT SERIES_NAME)) as Lending_Percentage
FROM 
    LendingActivity
GROUP BY 
    QUARTER
ORDER BY 
    QUARTER DESC;",Show me quarterly changes in securities lending activity,True
"WITH MonthlyReturns AS (
    SELECT 
        QUARTER,
        CAST(MONTHLY_TOTAL_RETURN1 AS FLOAT) as Return1,
        CAST(MONTHLY_TOTAL_RETURN2 AS FLOAT) as Return2,
        CAST(MONTHLY_TOTAL_RETURN3 AS FLOAT) as Return3
    FROM 
        MONTHLY_TOTAL_RETURN
    WHERE 
        MONTHLY_TOTAL_RETURN1 IS NOT NULL
        AND MONTHLY_TOTAL_RETURN2 IS NOT NULL
        AND MONTHLY_TOTAL_RETURN3 IS NOT NULL
)
SELECT 
    QUARTER,
    AVG(Return1) as Avg_Month1_Return,
    AVG(Return2) as Avg_Month2_Return,
    AVG(Return3) as Avg_Month3_Return
FROM 
    MonthlyReturns
GROUP BY 
    QUARTER
ORDER BY 
    QUARTER DESC;",What's the quarterly trend in average monthly returns?,True
"WITH MaturityProfiles AS (
    SELECT 
        QUARTER,
        MATURITY_DATE,
        CASE 
            WHEN MATURITY_DATE <= DATE('now', '+1 year') THEN 'Short_Term'
            WHEN MATURITY_DATE <= DATE('now', '+5 year') THEN 'Medium_Term'
            ELSE 'Long_Term'
        END as Maturity_Type
    FROM 
        DEBT_SECURITY
    WHERE 
        MATURITY_DATE IS NOT NULL
)
SELECT 
    QUARTER,
    COUNT(CASE WHEN Maturity_Type = 'Short_Term' THEN 1 END) as Short_Term,
    COUNT(CASE WHEN Maturity_Type = 'Medium_Term' THEN 1 END) as Medium_Term,
    COUNT(CASE WHEN Maturity_Type = 'Long_Term' THEN 1 END) as Long_Term
FROM 
    MaturityProfiles
GROUP BY 
    QUARTER
ORDER BY 
    QUARTER DESC;",Show the evolution of debt security maturity profiles by quarter,True
"WITH CashPositions AS (
    SELECT 
        QUARTER,
        CAST(CASH_NOT_RPTD_IN_C_OR_D AS FLOAT) as Cash_Position
    FROM 
        FUND_REPORTED_INFO
    WHERE 
        CASH_NOT_RPTD_IN_C_OR_D IS NOT NULL
)
SELECT 
    QUARTER,
    AVG(Cash_Position) as Avg_Cash_Position,
    MAX(Cash_Position) as Max_Cash_Position,
    MIN(Cash_Position) as Min_Cash_Position
FROM 
    CashPositions
GROUP BY 
    QUARTER
ORDER BY 
    QUARTER DESC;",What's the quarterly pattern of fund cash positions?,True
"WITH GeographicDistribution AS (
    SELECT 
        h.QUARTER,
        h.INVESTMENT_COUNTRY,
        h.HOLDING_ID,
        CAST(h.CURRENCY_VALUE AS FLOAT) as Investment_Value,
        f.SERIES_NAME
    FROM 
        FUND_REPORTED_HOLDING h
        JOIN FUND_REPORTED_INFO f ON h.ACCESSION_NUMBER = f.ACCESSION_NUMBER
    WHERE 
        h.INVESTMENT_COUNTRY IS NOT NULL
)
SELECT 
    QUARTER,
    INVESTMENT_COUNTRY,
    COUNT(*) as Number_of_Holdings,
    SUM(Investment_Value) as Total_Investment_Value,
    COUNT(DISTINCT SERIES_NAME) as Number_of_Investing_Funds
FROM 
    GeographicDistribution
GROUP BY 
    QUARTER,
    INVESTMENT_COUNTRY
ORDER BY 
    QUARTER DESC,
    Total_Investment_Value DESC;",How has the geographic distribution of investments changed quarterly?,True
"WITH RankedFunds AS (
    SELECT 
        QUARTER,
        SERIES_NAME,
        CAST(TOTAL_ASSETS AS FLOAT) as Assets,
        ROW_NUMBER() OVER (PARTITION BY QUARTER ORDER BY CAST(TOTAL_ASSETS AS FLOAT) DESC) as Rank
    FROM 
        FUND_REPORTED_INFO
    WHERE 
        TOTAL_ASSETS IS NOT NULL
)
SELECT 
    QUARTER,
    SERIES_NAME,
    Assets
FROM 
    RankedFunds
WHERE 
    Rank <= 5
ORDER BY 
    QUARTER DESC, 
    Assets DESC;",What are the top 5 largest funds by total assets for each quarter?,Error
"WITH FundCounts AS (
    SELECT 
        r.REGISTRANT_NAME,
        f.SERIES_NAME,
        f.SERIES_ID
    FROM 
        REGISTRANT r
        JOIN FUND_REPORTED_INFO f ON r.ACCESSION_NUMBER = f.ACCESSION_NUMBER
)
SELECT 
    REGISTRANT_NAME,
    COUNT(DISTINCT SERIES_NAME) as Number_of_Funds,
    COUNT(DISTINCT SERIES_ID) as Unique_Fund_IDs
FROM 
    FundCounts
GROUP BY 
    REGISTRANT_NAME
ORDER BY 
    Number_of_Funds DESC
LIMIT 10;",How many funds does each investment company manage?,Error
"WITH LargeFunds AS (
    SELECT 
        QUARTER,
        COUNT(*) as Total_Funds,
        COUNT(CASE WHEN CAST(TOTAL_ASSETS AS FLOAT) > 1000000000 THEN 1 END) as Billion_Plus_Funds
    FROM 
        FUND_REPORTED_INFO
    WHERE 
        TOTAL_ASSETS IS NOT NULL
    GROUP BY 
        QUARTER
)
SELECT 
    QUARTER,
    Billion_Plus_Funds,
    Total_Funds,
    (Billion_Plus_Funds * 100.0 / Total_Funds) as Large_Fund_Percentage
FROM 
    LargeFunds
ORDER BY 
    QUARTER DESC;",What percentage of funds in each quarter have total assets over $1 billion?,Error
"SELECT 
    F.SERIES_NAME,
    CAST(F.TOTAL_LIABILITIES AS FLOAT) / NULLIF(CAST(F.TOTAL_ASSETS AS FLOAT), 0) * 100 as Liability_Percentage,
    F.TOTAL_ASSETS,
    F.TOTAL_LIABILITIES
FROM 
    FUND_REPORTED_INFO F
WHERE 
    CAST(F.TOTAL_LIABILITIES AS FLOAT) / NULLIF(CAST(F.TOTAL_ASSETS AS FLOAT), 0) > 0.5
ORDER BY 
    Liability_Percentage DESC;",Can you flag any funds that have liabilities over half their assets?,False
"WITH HoldingPercentages AS (
    SELECT 
        F.SERIES_NAME,
        H.ISSUER_NAME,
        H.PERCENTAGE,
        ROW_NUMBER() OVER (PARTITION BY F.SERIES_NAME ORDER BY CAST(H.PERCENTAGE AS FLOAT) DESC) as Position_Rank
    FROM 
        FUND_REPORTED_INFO F
        JOIN FUND_REPORTED_HOLDING H 
            ON F.ACCESSION_NUMBER = H.ACCESSION_NUMBER
    WHERE 
        H.PERCENTAGE IS NOT NULL
)
SELECT 
    SERIES_NAME,
    ISSUER_NAME,
    PERCENTAGE
FROM 
    HoldingPercentages
WHERE 
    Position_Rank = 1
ORDER BY 
    CAST(PERCENTAGE AS FLOAT) DESC;",I need to check for concentration risk - show me any holdings that are the biggest position in their funds.,Error
"SELECT 
    F.SERIES_NAME,
    IR.INTRST_RATE_CHANGE_10YR_DV01 as Ten_Year_Risk,
    IR.INTRST_RATE_CHANGE_30YR_DV01 as Thirty_Year_Risk,
    F.TOTAL_ASSETS
FROM 
    FUND_REPORTED_INFO F
    JOIN INTEREST_RATE_RISK IR 
        ON F.ACCESSION_NUMBER = IR.ACCESSION_NUMBER
WHERE 
    IR.CURRENCY_CODE = 'USD'
    AND (
        CAST(IR.INTRST_RATE_CHANGE_10YR_DV01 AS FLOAT) > 100000
        OR CAST(IR.INTRST_RATE_CHANGE_30YR_DV01 AS FLOAT) > 100000
    )
ORDER BY 
    CAST(IR.INTRST_RATE_CHANGE_10YR_DV01 AS FLOAT) DESC;",Which USD funds are most exposed to interest rate changes?,False
"SELECT 
    F.SERIES_NAME,
    F.NET_REALIZE_GAIN_NONDERIV_MON1,
    F.NET_REALIZE_GAIN_NONDERIV_MON2,
    F.NET_REALIZE_GAIN_NONDERIV_MON3,
    F.TOTAL_ASSETS
FROM 
    FUND_REPORTED_INFO F
WHERE 
    CAST(NET_REALIZE_GAIN_NONDERIV_MON1 AS FLOAT) < 0
    OR CAST(NET_REALIZE_GAIN_NONDERIV_MON2 AS FLOAT) < 0
    OR CAST(NET_REALIZE_GAIN_NONDERIV_MON3 AS FLOAT) < 0
ORDER BY 
    CAST(NET_REALIZE_GAIN_NONDERIV_MON1 AS FLOAT);",Find any funds showing losses in their realized gains.,False
"WITH CommitmentExposure AS (
    SELECT 
        SERIES_NAME,
        DELAYED_DELIVERY,
        STANDBY_COMMITMENT,
        TOTAL_ASSETS,
        (CAST(DELAYED_DELIVERY AS FLOAT) + CAST(STANDBY_COMMITMENT AS FLOAT)) / 
        NULLIF(CAST(TOTAL_ASSETS AS FLOAT), 0) * 100 as Total_Commitment_Percentage
    FROM 
        FUND_REPORTED_INFO
    WHERE 
        DELAYED_DELIVERY IS NOT NULL 
        AND STANDBY_COMMITMENT IS NOT NULL
)
SELECT 
    SERIES_NAME,
    DELAYED_DELIVERY,
    STANDBY_COMMITMENT,
    Total_Commitment_Percentage
FROM 
    CommitmentExposure
WHERE 
    Total_Commitment_Percentage > 5
ORDER BY 
    Total_Commitment_Percentage DESC;","Check for funds with large outstanding commitments, delayed delivery and standby.",False
"SELECT 
    ISSUER_TYPE,
    FAIR_VALUE_LEVEL,
    COUNT(*) as Holding_Count,
    SUM(CAST(CURRENCY_VALUE AS FLOAT)) as Total_Value,
    COUNT(*) * 100.0 / SUM(COUNT(*)) OVER (PARTITION BY ISSUER_TYPE) as Percentage_of_Type
FROM 
    FUND_REPORTED_HOLDING
WHERE 
    ISSUER_TYPE IS NOT NULL 
    AND FAIR_VALUE_LEVEL IS NOT NULL
GROUP BY 
    ISSUER_TYPE,
    FAIR_VALUE_LEVEL
ORDER BY 
    ISSUER_TYPE,
    FAIR_VALUE_LEVEL;",Give me a breakdown of holdings by fair value level and issuer type looking for valuation risk.,False
"SELECT 
    R.STATE,
    COUNT(DISTINCT R.REGISTRANT_NAME) as Company_Count,
    COUNT(DISTINCT F.SERIES_NAME) as Fund_Count,
    SUM(CAST(F.NET_ASSETS AS FLOAT)) as Total_Net_Assets
FROM 
    REGISTRANT R
    JOIN FUND_REPORTED_INFO F ON R.ACCESSION_NUMBER = F.ACCESSION_NUMBER
WHERE 
    R.STATE IS NOT NULL
GROUP BY 
    R.STATE
ORDER BY 
    Total_Net_Assets DESC;",What's our exposure by state? Need to check geographic concentration.,False
"SELECT 
    H.ISSUER_NAME,
    COUNT(*) as Lending_Instances,
    SUM(CAST(H.CURRENCY_VALUE AS FLOAT)) as Total_Value_Lent
FROM 
    FUND_REPORTED_HOLDING H
    JOIN SECURITIES_LENDING SL ON H.HOLDING_ID = SL.HOLDING_ID
WHERE 
    SL.IS_LOAN_BY_FUND = 'Y'
GROUP BY 
    H.ISSUER_NAME
HAVING 
    COUNT(*) > 1
ORDER BY 
    Lending_Instances DESC,
    Total_Value_Lent DESC;",Which securities are most actively lent out?,Error
"WITH FundFlows AS (
    SELECT 
        F.SERIES_NAME,
        F.NET_ASSETS,
        LAG(F.NET_ASSETS) OVER (PARTITION BY F.SERIES_ID ORDER BY F.QUARTER) as Prev_Assets,
        (F.SALES_FLOW_MON1 + F.SALES_FLOW_MON2 + F.SALES_FLOW_MON3) as Total_Sales
    FROM 
        FUND_REPORTED_INFO F
)
SELECT 
    SERIES_NAME,
    NET_ASSETS,
    Prev_Assets,
    Total_Sales,
    ((CAST(NET_ASSETS AS FLOAT) - CAST(Prev_Assets AS FLOAT)) / 
     NULLIF(CAST(Prev_Assets AS FLOAT), 0)) * 100 as Asset_Change_Pct
FROM 
    FundFlows
WHERE 
    CAST(NET_ASSETS AS FLOAT) < CAST(Prev_Assets AS FLOAT)
    AND CAST(Total_Sales AS FLOAT) > 0
ORDER BY 
    Asset_Change_Pct;",Find any funds where assets dropped despite positive sales.,Error
"WITH DefaultedSecurities AS (
    SELECT 
        F.SERIES_NAME,
        DS.ANNUALIZED_RATE,
        H.CURRENCY_VALUE,
        H.ISSUER_NAME
    FROM 
        DEBT_SECURITY DS
        JOIN FUND_REPORTED_HOLDING H ON DS.HOLDING_ID = H.HOLDING_ID
        JOIN FUND_REPORTED_INFO F ON H.ACCESSION_NUMBER = F.ACCESSION_NUMBER
    WHERE 
        DS.IS_DEFAULT = 'Y'
)
SELECT 
    SERIES_NAME,
    ISSUER_NAME,
    ANNUALIZED_RATE,
    CURRENCY_VALUE
FROM 
    DefaultedSecurities
ORDER BY 
    CAST(ANNUALIZED_RATE AS FLOAT) DESC;",What's the average yield on our defaulted bonds? Need to see recovery potential.,Error
"WITH CounterpartyExposure AS (
    SELECT 
        DC.DERIVATIVE_COUNTERPARTY_NAME,
        COUNT(DISTINCT F.SERIES_NAME) as Fund_Count,
        SUM(CAST(NFES.NOTIONAL_AMOUNT AS FLOAT)) as Total_Exposure
    FROM 
        DERIVATIVE_COUNTERPARTY DC
        JOIN NONFOREIGN_EXCHANGE_SWAP NFES ON DC.HOLDING_ID = NFES.HOLDING_ID
        JOIN FUND_REPORTED_HOLDING H ON DC.HOLDING_ID = H.HOLDING_ID
        JOIN FUND_REPORTED_INFO F ON H.ACCESSION_NUMBER = F.ACCESSION_NUMBER
    GROUP BY 
        DC.DERIVATIVE_COUNTERPARTY_NAME
)
SELECT 
    DERIVATIVE_COUNTERPARTY_NAME,
    Fund_Count,
    Total_Exposure,
    Total_Exposure / SUM(Total_Exposure) OVER () * 100 as Exposure_Percentage
FROM 
    CounterpartyExposure
ORDER BY 
    Total_Exposure DESC;",Give me our largest derivative counterparty exposures - need to check concentration risk.,Error
"SELECT 
    SERIES_NAME,
    TOTAL_ASSETS,
    LIQUIDATION_PREFERENCE,
    (CAST(LIQUIDATION_PREFERENCE AS FLOAT) / 
     NULLIF(CAST(TOTAL_ASSETS AS FLOAT), 0)) * 100 as Preference_Ratio
FROM 
    FUND_REPORTED_INFO
WHERE 
    CAST(LIQUIDATION_PREFERENCE AS FLOAT) > 1000000
ORDER BY 
    Preference_Ratio DESC;",Find funds with high liquidation preference relative to their size - might affect wind-down scenarios.,Error
"SELECT 
    F.SERIES_NAME,
    H.ISSUER_NAME,
    CSC.CONVERSION_RATIO,
    H.CURRENCY_VALUE
FROM 
    FUND_REPORTED_INFO F
    JOIN FUND_REPORTED_HOLDING H ON F.ACCESSION_NUMBER = H.ACCESSION_NUMBER
    JOIN CONVERTIBLE_SECURITY_CURRENCY CSC ON H.HOLDING_ID = CSC.HOLDING_ID
WHERE 
    CAST(CSC.CONVERSION_RATIO AS FLOAT) > 1
ORDER BY 
    CAST(CSC.CONVERSION_RATIO AS FLOAT) DESC;",Let's look at convertible securities with high conversion ratios - could be significant upside.,False
"WITH FlowAnalysis AS (
    SELECT 
        SERIES_NAME,
        (CAST(REDEMPTION_FLOW_MON1 AS FLOAT) + 
         CAST(REDEMPTION_FLOW_MON2 AS FLOAT) + 
         CAST(REDEMPTION_FLOW_MON3 AS FLOAT)) as Total_Redemptions,
        (CAST(SALES_FLOW_MON1 AS FLOAT) + 
         CAST(SALES_FLOW_MON2 AS FLOAT) + 
         CAST(SALES_FLOW_MON3 AS FLOAT)) as Total_Sales
    FROM 
        FUND_REPORTED_INFO
)
SELECT 
    SERIES_NAME,
    Total_Redemptions,
    Total_Sales,
    (Total_Redemptions - Total_Sales) as Net_Outflow
FROM 
    FlowAnalysis
WHERE 
    Total_Redemptions > Total_Sales
ORDER BY 
    Net_Outflow DESC;",Show me funds facing redemption pressure - where outflows exceed inflows consistently.,False
"WITH PIMCOPerformance AS (
    SELECT 
        F.SERIES_NAME,
        CASE 
            WHEN F.SERIES_NAME LIKE '%BOND%' THEN 'Bond'
            WHEN F.SERIES_NAME LIKE '%EQUITY%' THEN 'Equity'
            ELSE 'Other'
        END as Fund_Type,
        M.MONTHLY_TOTAL_RETURN1,
        F.TOTAL_ASSETS
    FROM 
        FUND_REPORTED_INFO F
        JOIN REGISTRANT R ON F.ACCESSION_NUMBER = R.ACCESSION_NUMBER
        JOIN MONTHLY_TOTAL_RETURN M ON F.ACCESSION_NUMBER = M.ACCESSION_NUMBER
    WHERE 
        R.REGISTRANT_NAME LIKE '%PIMCO%'
)
SELECT 
    Fund_Type,
    COUNT(*) as Fund_Count,
    AVG(CAST(MONTHLY_TOTAL_RETURN1 AS FLOAT)) as Avg_Monthly_Return,
    SUM(CAST(TOTAL_ASSETS AS FLOAT)) as Total_AUM
FROM 
    PIMCOPerformance
WHERE 
    Fund_Type IN ('Bond', 'Equity')
GROUP BY 
    Fund_Type;",How do PIMCO's bond funds compare to their equity funds in terms of growth?,Error
"WITH CategoryPerformance AS (
    SELECT 
        H.ASSET_CAT,
        AVG(CAST(M.MONTHLY_TOTAL_RETURN1 AS FLOAT)) as Avg_Return,
        SUM(CAST(H.CURRENCY_VALUE AS FLOAT)) as Total_Value,
        COUNT(DISTINCT F.SERIES_NAME) as Fund_Count
    FROM 
        FUND_REPORTED_HOLDING H
        JOIN FUND_REPORTED_INFO F ON H.ACCESSION_NUMBER = F.ACCESSION_NUMBER
        JOIN MONTHLY_TOTAL_RETURN M ON F.ACCESSION_NUMBER = M.ACCESSION_NUMBER
    WHERE 
        H.ASSET_CAT IS NOT NULL
    GROUP BY 
        H.ASSET_CAT
)
SELECT 
    ASSET_CAT,
    Avg_Return,
    Total_Value,
    Fund_Count
FROM 
    CategoryPerformance
ORDER BY 
    Avg_Return DESC;",Which asset categories are driving our best returns this quarter?,False
"WITH FlowTrends AS (
    SELECT 
        F.SERIES_NAME,
        F.SALES_FLOW_MON1,
        F.SALES_FLOW_MON2,
        ((CAST(F.SALES_FLOW_MON1 AS FLOAT) - CAST(F.SALES_FLOW_MON2 AS FLOAT)) / 
         NULLIF(CAST(F.SALES_FLOW_MON2 AS FLOAT), 0)) * 100 as Flow_Change_Pct
    FROM 
        FUND_REPORTED_INFO F
    WHERE 
        F.SALES_FLOW_MON1 IS NOT NULL 
        AND F.SALES_FLOW_MON2 IS NOT NULL
)
SELECT 
    SERIES_NAME,
    SALES_FLOW_MON1 as Current_Flow,
    SALES_FLOW_MON2 as Previous_Flow,
    Flow_Change_Pct
FROM 
    FlowTrends
WHERE 
    ABS(Flow_Change_Pct) > 10
ORDER BY 
    ABS(Flow_Change_Pct) DESC;",Where are we seeing the biggest month-over-month changes in fund flows?,Error
"WITH PIMCODuration AS (
    SELECT 
        F.SERIES_NAME,
        IR.INTRST_RATE_CHANGE_10YR_DV01,
        IR.INTRST_RATE_CHANGE_30YR_DV01,
        F.TOTAL_ASSETS
    FROM 
        FUND_REPORTED_INFO F
        JOIN REGISTRANT R ON F.ACCESSION_NUMBER = R.ACCESSION_NUMBER
        JOIN INTEREST_RATE_RISK IR ON F.ACCESSION_NUMBER = IR.ACCESSION_NUMBER
    WHERE 
        R.REGISTRANT_NAME LIKE '%PIMCO%'
        AND F.SERIES_NAME LIKE '%BOND%'
)
SELECT 
    SERIES_NAME,
    CAST(INTRST_RATE_CHANGE_10YR_DV01 AS FLOAT) as Ten_Year_Duration,
    CAST(INTRST_RATE_CHANGE_30YR_DV01 AS FLOAT) as Thirty_Year_Duration,
    TOTAL_ASSETS
FROM 
    PIMCODuration
ORDER BY 
    CAST(TOTAL_ASSETS AS FLOAT) DESC;",What's PIMCO's current duration positioning across their major bond funds?,False
"WITH CreditQuality AS (
    SELECT 
        F.SERIES_NAME,
        F.CREDIT_SPREAD_10YR_INVEST,
        F.CREDIT_SPREAD_10YR_NONINVEST,
        F.TOTAL_ASSETS,
        CAST(F.CREDIT_SPREAD_10YR_INVEST AS FLOAT) / 
        NULLIF(CAST(F.CREDIT_SPREAD_10YR_INVEST AS FLOAT) + 
               CAST(F.CREDIT_SPREAD_10YR_NONINVEST AS FLOAT), 0) * 100 as IG_Percentage
    FROM 
        FUND_REPORTED_INFO F
    WHERE 
        CAST(F.TOTAL_ASSETS AS FLOAT) > 1000000000
)
SELECT 
    SERIES_NAME,
    IG_Percentage,
    TOTAL_ASSETS
FROM 
    CreditQuality
ORDER BY 
    CAST(TOTAL_ASSETS AS FLOAT) DESC;",How are our largest funds positioned in terms of credit quality?,Error
"WITH RatePerformance AS (
    SELECT 
        F.SERIES_NAME,
        M.MONTHLY_TOTAL_RETURN1,
        IR.INTRST_RATE_CHANGE_10YR_DV01
    FROM 
        FUND_REPORTED_INFO F
        JOIN MONTHLY_TOTAL_RETURN M ON F.ACCESSION_NUMBER = M.ACCESSION_NUMBER
        JOIN INTEREST_RATE_RISK IR ON F.ACCESSION_NUMBER = IR.ACCESSION_NUMBER
    WHERE 
        CAST(IR.INTRST_RATE_CHANGE_10YR_DV01 AS FLOAT) > 0
)
SELECT 
    SERIES_NAME,
    AVG(CAST(MONTHLY_TOTAL_RETURN1 AS FLOAT)) as Avg_Return,
    AVG(CAST(INTRST_RATE_CHANGE_10YR_DV01 AS FLOAT)) as Avg_Rate_Sensitivity
FROM 
    RatePerformance
GROUP BY 
    SERIES_NAME
ORDER BY 
    Avg_Return DESC
LIMIT 10;",Show me our best performing strategies in rising rate environments.,False
"SELECT 
    H.INVESTMENT_COUNTRY,
    COUNT(DISTINCT F.SERIES_NAME) as Fund_Count,
    SUM(CAST(H.CURRENCY_VALUE AS FLOAT)) as Total_Value,
    SUM(CAST(H.CURRENCY_VALUE AS FLOAT)) / 
    SUM(SUM(CAST(H.CURRENCY_VALUE AS FLOAT))) OVER () * 100 as Percentage
FROM 
    FUND_REPORTED_HOLDING H
    JOIN FUND_REPORTED_INFO F ON H.ACCESSION_NUMBER = F.ACCESSION_NUMBER
WHERE 
    H.INVESTMENT_COUNTRY IS NOT NULL
    AND H.INVESTMENT_COUNTRY != 'US'
GROUP BY 
    H.INVESTMENT_COUNTRY
ORDER BY 
    Total_Value DESC;",What's the geographic distribution of our international holdings?,False
"WITH IncomeAnalysis AS (
    SELECT 
        F.SERIES_NAME,
        SUM(CASE 
            WHEN DS.COUPON_TYPE = 'Fixed' THEN CAST(H.CURRENCY_VALUE AS FLOAT) 
            ELSE 0 
        END) as Fixed_Income,
        SUM(CASE 
            WHEN DS.COUPON_TYPE = 'Floating' THEN CAST(H.CURRENCY_VALUE AS FLOAT) 
            ELSE 0 
        END) as Floating_Income,
        SUM(CASE 
            WHEN SL.IS_LOAN_BY_FUND = 'Y' THEN CAST(H.CURRENCY_VALUE AS FLOAT) 
            ELSE 0 
        END) as Securities_Lending_Income,
        CAST(F.TOTAL_ASSETS AS FLOAT) as Total_Assets
    FROM 
        FUND_REPORTED_INFO F
        JOIN FUND_REPORTED_HOLDING H 
            ON F.ACCESSION_NUMBER = H.ACCESSION_NUMBER
        LEFT JOIN DEBT_SECURITY DS 
            ON H.HOLDING_ID = DS.HOLDING_ID
        LEFT JOIN SECURITIES_LENDING SL 
            ON H.HOLDING_ID = SL.HOLDING_ID
    GROUP BY 
        F.SERIES_NAME,
        F.TOTAL_ASSETS
)
SELECT 
    SERIES_NAME,
    (Fixed_Income / Total_Assets * 100) as Fixed_Income_Pct,
    (Floating_Income / Total_Assets * 100) as Floating_Income_Pct,
    (Securities_Lending_Income / Total_Assets * 100) as Sec_Lending_Pct,
    ((Fixed_Income + Floating_Income + Securities_Lending_Income) / Total_Assets * 100) as Total_Income_Pct,
    Total_Assets
FROM 
    IncomeAnalysis
WHERE 
    Total_Assets > 0
ORDER BY 
    Total_Income_Pct DESC;",How diverse are our income sources across the portfolio?,Error
"WITH PIMCORiskProfile AS (
    SELECT 
        F.SERIES_NAME,
        F.TOTAL_ASSETS,
        -- Duration Risk
        IR.INTRST_RATE_CHANGE_10YR_DV01 as Duration_Risk,
        -- Credit Risk
        (CAST(F.CREDIT_SPREAD_10YR_NONINVEST AS FLOAT) / 
         NULLIF(CAST(F.TOTAL_ASSETS AS FLOAT), 0)) * 100 as High_Yield_Exposure,
        -- Leverage
        (CAST(F.BORROWING_PAY_WITHIN_1YR AS FLOAT) + 
         CAST(F.BORROWING_PAY_AFTER_1YR AS FLOAT)) / 
         NULLIF(CAST(F.TOTAL_ASSETS AS FLOAT), 0) * 100 as Leverage_Ratio,
        -- Derivatives Exposure
        COUNT(DISTINCT OD.HOLDING_ID) as Derivative_Positions,
        -- Liquidity Profile
        CAST(F.CASH_NOT_RPTD_IN_C_OR_D AS FLOAT) / 
        NULLIF(CAST(F.TOTAL_ASSETS AS FLOAT), 0) * 100 as Cash_Position,
        -- Recent Performance
        M.MONTHLY_TOTAL_RETURN1
    FROM 
        FUND_REPORTED_INFO F
        JOIN REGISTRANT R 
            ON F.ACCESSION_NUMBER = R.ACCESSION_NUMBER
        LEFT JOIN INTEREST_RATE_RISK IR 
            ON F.ACCESSION_NUMBER = IR.ACCESSION_NUMBER
        LEFT JOIN OTHER_DERIV OD 
            ON F.ACCESSION_NUMBER = OD.HOLDING_ID
        LEFT JOIN MONTHLY_TOTAL_RETURN M 
            ON F.ACCESSION_NUMBER = M.ACCESSION_NUMBER
    WHERE 
        R.REGISTRANT_NAME LIKE '%PIMCO%'
        AND F.TOTAL_ASSETS IS NOT NULL
    GROUP BY 
        F.SERIES_NAME,
        F.TOTAL_ASSETS,
        IR.INTRST_RATE_CHANGE_10YR_DV01,
        F.CREDIT_SPREAD_10YR_NONINVEST,
        F.BORROWING_PAY_WITHIN_1YR,
        F.BORROWING_PAY_AFTER_1YR,
        F.CASH_NOT_RPTD_IN_C_OR_D,
        M.MONTHLY_TOTAL_RETURN1
)
SELECT 
    SERIES_NAME,
    CAST(TOTAL_ASSETS AS FLOAT) / 1000000 as Assets_MM,
    Duration_Risk as Duration_DV01,
    High_Yield_Exposure as HY_Pct,
    Leverage_Ratio as Leverage_Pct,
    Derivative_Positions,
    Cash_Position as Cash_Pct,
    CAST(MONTHLY_TOTAL_RETURN1 AS FLOAT) as Latest_Monthly_Return,
    CASE
        WHEN Duration_Risk > 1 AND High_Yield_Exposure > 20 THEN 'High Risk'
        WHEN Duration_Risk > 1 OR High_Yield_Exposure > 20 THEN 'Moderate Risk'
        ELSE 'Conservative'
    END as Risk_Category
FROM 
    PIMCORiskProfile
ORDER BY 
    CAST(TOTAL_ASSETS AS FLOAT) DESC
LIMIT 15;","Give me a complete risk profile of PIMCO's largest funds - looking at duration, credit, and leverage exposure",False
"WITH CreditMetrics AS (
    SELECT 
        f.QUARTER,
        r.REGISTRANT_NAME,
        f.SERIES_NAME,
        CAST(f.CREDIT_SPREAD_10YR_INVEST AS FLOAT) as Investment_Grade,
        CAST(f.CREDIT_SPREAD_10YR_NONINVEST AS FLOAT) as Non_Investment_Grade,
        CAST(f.TOTAL_ASSETS AS FLOAT) as Total_Assets
    FROM 
        FUND_REPORTED_INFO f
        JOIN REGISTRANT r ON f.ACCESSION_NUMBER = r.ACCESSION_NUMBER
    WHERE 
        f.CREDIT_SPREAD_10YR_INVEST IS NOT NULL 
        OR f.CREDIT_SPREAD_10YR_NONINVEST IS NOT NULL
),
PIMCOStats AS (
    SELECT 
        QUARTER,
        AVG(Investment_Grade) as PIMCO_Inv_Grade,
        AVG(Non_Investment_Grade) as PIMCO_Non_Inv_Grade,
        SUM(Total_Assets) as PIMCO_Total_Assets
    FROM 
        CreditMetrics
    WHERE 
        REGISTRANT_NAME LIKE '%PIMCO%'
    GROUP BY 
        QUARTER
),
IndustryStats AS (
    SELECT 
        QUARTER,
        AVG(Investment_Grade) as Industry_Inv_Grade,
        AVG(Non_Investment_Grade) as Industry_Non_Inv_Grade,
        SUM(Total_Assets) as Industry_Total_Assets
    FROM 
        CreditMetrics
    GROUP BY 
        QUARTER
)
SELECT 
    p.QUARTER,
    p.PIMCO_Inv_Grade,
    i.Industry_Inv_Grade,
    p.PIMCO_Non_Inv_Grade,
    i.Industry_Non_Inv_Grade,
    (p.PIMCO_Total_Assets / i.Industry_Total_Assets * 100) as PIMCO_Market_Share
FROM 
    PIMCOStats p
    JOIN IndustryStats i ON p.QUARTER = i.QUARTER
ORDER BY 
    p.QUARTER DESC;",How does PIMCO's credit quality distribution compare to industry averages by quarter?,Error
"WITH InternationalHoldings AS (
    SELECT 
        h.QUARTER,
        r.REGISTRANT_NAME,
        h.INVESTMENT_COUNTRY,
        COUNT(*) as Holdings_Count,
        SUM(CAST(h.CURRENCY_VALUE AS FLOAT)) as Total_Value
    FROM 
        FUND_REPORTED_HOLDING h
        JOIN FUND_REPORTED_INFO f ON h.ACCESSION_NUMBER = f.ACCESSION_NUMBER
        JOIN REGISTRANT r ON f.ACCESSION_NUMBER = r.ACCESSION_NUMBER
    WHERE 
        r.REGISTRANT_NAME LIKE '%PIMCO%'
        AND h.INVESTMENT_COUNTRY IS NOT NULL
    GROUP BY 
        h.QUARTER,
        r.REGISTRANT_NAME,
        h.INVESTMENT_COUNTRY
),
QuarterlyTotals AS (
    SELECT 
        QUARTER,
        SUM(Total_Value) as Quarter_Total_Value
    FROM 
        InternationalHoldings
    GROUP BY 
        QUARTER
)
SELECT 
    i.QUARTER,
    i.INVESTMENT_COUNTRY,
    i.Holdings_Count,
    i.Total_Value,
    (i.Total_Value / qt.Quarter_Total_Value * 100) as Country_Percentage
FROM 
    InternationalHoldings i
    JOIN QuarterlyTotals qt ON i.QUARTER = qt.QUARTER
WHERE 
    i.INVESTMENT_COUNTRY != 'US'
ORDER BY 
    i.QUARTER DESC,
    Total_Value DESC;",Track PIMCO's international exposure trends across quarters,False
"WITH DurationMetrics AS (
    SELECT 
        f.QUARTER,
        r.REGISTRANT_NAME,
        ir.INTRST_RATE_CHANGE_10YR_DV01 as Duration_10Y,
        ir.INTRST_RATE_CHANGE_30YR_DV01 as Duration_30Y,
        CAST(f.TOTAL_ASSETS AS FLOAT) as Total_Assets
    FROM 
        FUND_REPORTED_INFO f
        JOIN REGISTRANT r ON f.ACCESSION_NUMBER = r.ACCESSION_NUMBER
        JOIN INTEREST_RATE_RISK ir ON f.ACCESSION_NUMBER = ir.ACCESSION_NUMBER
    WHERE 
        f.SERIES_NAME LIKE '%BOND%'
        OR f.SERIES_NAME LIKE '%FIXED%'
        OR f.SERIES_NAME LIKE '%INCOME%'
),
CompanyDuration AS (
    SELECT 
        QUARTER,
        REGISTRANT_NAME,
        AVG(CAST(Duration_10Y AS FLOAT)) as Avg_Duration_10Y,
        AVG(CAST(Duration_30Y AS FLOAT)) as Avg_Duration_30Y,
        SUM(Total_Assets) as Company_Assets
    FROM 
        DurationMetrics
    GROUP BY 
        QUARTER,
        REGISTRANT_NAME
)
SELECT 
    p.QUARTER,
    p.Avg_Duration_10Y as PIMCO_Duration_10Y,
    p.Avg_Duration_30Y as PIMCO_Duration_30Y,
    i.Avg_Duration_10Y as Industry_Avg_Duration_10Y,
    i.Avg_Duration_30Y as Industry_Avg_Duration_30Y
FROM 
    CompanyDuration p
    CROSS JOIN (
        SELECT 
            QUARTER,
            AVG(Avg_Duration_10Y) as Avg_Duration_10Y,
            AVG(Avg_Duration_30Y) as Avg_Duration_30Y
        FROM 
            CompanyDuration
        WHERE 
            REGISTRANT_NAME NOT LIKE '%PIMCO%'
        GROUP BY 
            QUARTER
    ) i
WHERE 
    p.QUARTER = i.QUARTER
    AND p.REGISTRANT_NAME LIKE '%PIMCO%'
ORDER BY 
    p.QUARTER DESC;",Compare PIMCO's fixed income duration positioning vs competitors,Error
"WITH CashPositions AS (
    SELECT 
        f.QUARTER,
        r.REGISTRANT_NAME,
        f.SERIES_NAME,
        CAST(f.CASH_NOT_RPTD_IN_C_OR_D AS FLOAT) as Cash_Position,
        CAST(f.TOTAL_ASSETS AS FLOAT) as Total_Assets
    FROM 
        FUND_REPORTED_INFO f
        JOIN REGISTRANT r ON f.ACCESSION_NUMBER = r.ACCESSION_NUMBER
    WHERE 
        f.CASH_NOT_RPTD_IN_C_OR_D IS NOT NULL
),
CompanyCashMetrics AS (
    SELECT 
        QUARTER,
        REGISTRANT_NAME,
        AVG(Cash_Position / NULLIF(Total_Assets, 0) * 100) as Avg_Cash_Percentage,
        COUNT(DISTINCT SERIES_NAME) as Number_of_Funds
    FROM 
        CashPositions
    GROUP BY 
        QUARTER,
        REGISTRANT_NAME
    HAVING 
        Number_of_Funds >= 5
)
SELECT 
    p.QUARTER,
    p.Avg_Cash_Percentage as PIMCO_Cash_Percentage,
    i.Industry_Cash_Percentage,
    p.Number_of_Funds as PIMCO_Funds,
    p.Avg_Cash_Percentage - i.Industry_Cash_Percentage as Cash_Differential
FROM 
    CompanyCashMetrics p
    CROSS JOIN (
        SELECT 
            QUARTER,
            AVG(Avg_Cash_Percentage) as Industry_Cash_Percentage
        FROM 
            CompanyCashMetrics
        WHERE 
            REGISTRANT_NAME NOT LIKE '%PIMCO%'
        GROUP BY 
            QUARTER
    ) i
WHERE 
    p.QUARTER = i.QUARTER
    AND p.REGISTRANT_NAME LIKE '%PIMCO%'
ORDER BY 
    p.QUARTER DESC;",Analyze PIMCO's cash management strategy vs peers,Error
"WITH LendingActivity AS (
    SELECT 
        f.QUARTER,
        r.REGISTRANT_NAME,
        f.SERIES_NAME,
        COUNT(CASE WHEN sl.IS_LOAN_BY_FUND = 'Y' THEN 1 END) as Securities_Lent,
        COUNT(*) as Total_Securities,
        CAST(f.TOTAL_ASSETS AS FLOAT) as Fund_Assets
    FROM 
        FUND_REPORTED_INFO f
        JOIN REGISTRANT r ON f.ACCESSION_NUMBER = r.ACCESSION_NUMBER
        LEFT JOIN SECURITIES_LENDING sl ON f.ACCESSION_NUMBER = sl.HOLDING_ID
    GROUP BY 
        f.QUARTER,
        r.REGISTRANT_NAME,
        f.SERIES_NAME,
        f.TOTAL_ASSETS
),
CompanyMetrics AS (
    SELECT 
        QUARTER,
        REGISTRANT_NAME,
        SUM(Securities_Lent) as Total_Securities_Lent,
        SUM(Total_Securities) as Total_Securities,
        SUM(Fund_Assets) as Total_Assets,
        COUNT(DISTINCT SERIES_NAME) as Number_of_Funds
    FROM 
        LendingActivity
    GROUP BY 
        QUARTER,
        REGISTRANT_NAME
)
SELECT 
    p.QUARTER,
    p.Total_Securities_Lent as PIMCO_Securities_Lent,
    p.Total_Securities as PIMCO_Total_Securities,
    (p.Total_Securities_Lent * 100.0 / NULLIF(p.Total_Securities, 0)) as PIMCO_Lending_Percentage,
    (i.Total_Securities_Lent * 100.0 / NULLIF(i.Total_Securities, 0)) as Industry_Lending_Percentage
FROM 
    CompanyMetrics p
    CROSS JOIN (
        SELECT 
            QUARTER,
            SUM(Total_Securities_Lent) as Total_Securities_Lent,
            SUM(Total_Securities) as Total_Securities
        FROM 
            CompanyMetrics
        WHERE 
            REGISTRANT_NAME NOT LIKE '%PIMCO%'
        GROUP BY 
            QUARTER
    ) i
WHERE 
    p.QUARTER = i.QUARTER
    AND p.REGISTRANT_NAME LIKE '%PIMCO%'
ORDER BY 
    p.QUARTER DESC;",Examine PIMCO's securities lending activity and revenue,Error
"WITH AssetCategories AS (
    SELECT 
        h.QUARTER,
        r.REGISTRANT_NAME,
        h.ASSET_CAT,
        SUM(CAST(h.CURRENCY_VALUE AS FLOAT)) as Category_Value
    FROM 
        FUND_REPORTED_HOLDING h
        JOIN FUND_REPORTED_INFO f ON h.ACCESSION_NUMBER = f.ACCESSION_NUMBER
        JOIN REGISTRANT r ON f.ACCESSION_NUMBER = r.ACCESSION_NUMBER
    WHERE 
        h.ASSET_CAT IS NOT NULL
    GROUP BY 
        h.QUARTER,
        r.REGISTRANT_NAME,
        h.ASSET_CAT
),
MarketShares AS (
    SELECT 
        p.QUARTER,
        p.ASSET_CAT,
        p.Category_Value as PIMCO_Value,
        t.Total_Category_Value,
        (p.Category_Value * 100.0 / NULLIF(t.Total_Category_Value, 0)) as Market_Share
    FROM 
        AssetCategories p
        JOIN (
            SELECT 
                QUARTER,
                ASSET_CAT,
                SUM(Category_Value) as Total_Category_Value
            FROM 
                AssetCategories
            GROUP BY 
                QUARTER,
                ASSET_CAT
        ) t ON p.QUARTER = t.QUARTER AND p.ASSET_CAT = t.ASSET_CAT
    WHERE 
        p.REGISTRANT_NAME LIKE '%PIMCO%'
)
SELECT 
    QUARTER,
    ASSET_CAT,
    ROUND(PIMCO_Value / 1000000, 2) as PIMCO_Value_Millions,
    ROUND(Total_Category_Value / 1000000, 2) as Total_Market_Millions,
    ROUND(Market_Share, 2) as Market_Share_Percentage,
    ROW_NUMBER() OVER (PARTITION BY QUARTER ORDER BY Market_Share DESC) as Category_Rank
FROM 
    MarketShares
ORDER BY 
    QUARTER DESC,
    Market_Share DESC;",Track PIMCO's market share by asset category over time,False
"WITH CUSIPFrequency AS (
    SELECT 
        ISSUER_CUSIP,
        COUNT(*) as Usage_Count,
        COUNT(DISTINCT ACCESSION_NUMBER) as Number_of_Funds,
        SUM(CAST(CURRENCY_VALUE AS FLOAT)) as Total_Value
    FROM 
        FUND_REPORTED_HOLDING
    WHERE 
        ISSUER_CUSIP IS NOT NULL
    GROUP BY 
        ISSUER_CUSIP
)
SELECT 
    ISSUER_CUSIP,
    Usage_Count,
    Number_of_Funds,
    ROUND(Total_Value / 1000000, 2) as Total_Value_Millions
FROM 
    CUSIPFrequency
ORDER BY 
    Usage_Count DESC
LIMIT 20;",Show me the most commonly used CUSIP numbers across all holdings,False
"WITH BondRates AS (
    SELECT 
        d.QUARTER,
        h.FAIR_VALUE_LEVEL,
        AVG(CAST(d.ANNUALIZED_RATE AS FLOAT)) as Avg_Coupon_Rate,
        COUNT(DISTINCT h.HOLDING_ID) as Number_of_Bonds,
        SUM(CAST(h.CURRENCY_VALUE AS FLOAT)) as Total_Value
    FROM 
        DEBT_SECURITY d
        JOIN FUND_REPORTED_HOLDING h ON d.HOLDING_ID = h.HOLDING_ID
    WHERE 
        d.ANNUALIZED_RATE IS NOT NULL
    GROUP BY 
        d.QUARTER,
        h.FAIR_VALUE_LEVEL
)
SELECT 
    QUARTER,
    FAIR_VALUE_LEVEL,
    ROUND(Avg_Coupon_Rate, 2) as Average_Coupon,
    Number_of_Bonds,
    ROUND(Total_Value / 1000000, 2) as Value_Millions
FROM 
    BondRates
ORDER BY 
    QUARTER DESC,
    FAIR_VALUE_LEVEL;",What's the average coupon rate for investment-grade vs high-yield bonds?,Error
"SELECT 
    h.QUARTER,
    h.FAIR_VALUE_LEVEL as Credit_Rating,
    COUNT(CASE WHEN d.MATURITY_DATE <= DATE('now', '+1 year') THEN 1 END) as Short_Term,
    COUNT(CASE WHEN d.MATURITY_DATE > DATE('now', '+1 year') 
               AND d.MATURITY_DATE <= DATE('now', '+5 year') THEN 1 END) as Medium_Term,
    COUNT(CASE WHEN d.MATURITY_DATE > DATE('now', '+5 year') THEN 1 END) as Long_Term
FROM 
    FUND_REPORTED_HOLDING h
    JOIN DEBT_SECURITY d ON h.HOLDING_ID = d.HOLDING_ID
WHERE 
    d.MATURITY_DATE IS NOT NULL
GROUP BY 
    h.QUARTER,
    h.FAIR_VALUE_LEVEL
ORDER BY 
    h.QUARTER DESC,
    h.FAIR_VALUE_LEVEL;",Analyze bond maturity distribution across credit ratings,False
"SELECT 
    h.QUARTER,
    h.ISSUER_TYPE,
    COUNT(*) as Total_Bonds,
    COUNT(CASE WHEN d.ARE_ANY_INTEREST_PAYMENT = 'Y' THEN 1 END) as Missed_Payments,
    (COUNT(CASE WHEN d.ARE_ANY_INTEREST_PAYMENT = 'Y' THEN 1 END) * 100.0 / COUNT(*)) as Missed_Payment_Rate
FROM 
    FUND_REPORTED_HOLDING h
    JOIN DEBT_SECURITY d ON h.HOLDING_ID = d.HOLDING_ID
WHERE 
    h.ISSUER_TYPE IS NOT NULL
GROUP BY 
    h.QUARTER,
    h.ISSUER_TYPE
HAVING 
    Total_Bonds >= 5
ORDER BY 
    h.QUARTER DESC,
    Missed_Payment_Rate DESC;",What percentage of bonds have missed interest payments by sector?,False
"WITH BondDistribution AS (
    SELECT 
        h.QUARTER,
        h.FAIR_VALUE_LEVEL,
        CASE 
            WHEN d.MATURITY_DATE <= DATE('now', '+1 year') THEN 'Short_Term'
            WHEN d.MATURITY_DATE <= DATE('now', '+5 year') THEN 'Medium_Term'
            ELSE 'Long_Term'
        END as Maturity_Band,
        COUNT(*) as Bond_Count,
        SUM(CAST(h.CURRENCY_VALUE AS FLOAT)) as Total_Value
    FROM 
        FUND_REPORTED_HOLDING h
        JOIN DEBT_SECURITY d ON h.HOLDING_ID = d.HOLDING_ID
    WHERE 
        d.MATURITY_DATE IS NOT NULL
        AND h.FAIR_VALUE_LEVEL IS NOT NULL
    GROUP BY 
        h.QUARTER,
        h.FAIR_VALUE_LEVEL,
        Maturity_Band
)
SELECT 
    QUARTER,
    FAIR_VALUE_LEVEL,
    Maturity_Band,
    Bond_Count,
    ROUND(Total_Value / 1000000, 2) as Value_Millions
FROM 
    BondDistribution
ORDER BY 
    QUARTER DESC,
    FAIR_VALUE_LEVEL,
    Maturity_Band;",What's the distribution of bond ratings across different maturities?,False
"WITH BondAllocation AS (
    SELECT 
        QUARTER,
        SUM(CAST(CREDIT_SPREAD_10YR_INVEST AS FLOAT)) as Investment_Grade_Exposure,
        SUM(CAST(CREDIT_SPREAD_10YR_NONINVEST AS FLOAT)) as High_Yield_Exposure
    FROM 
        FUND_REPORTED_INFO
    WHERE 
        CREDIT_SPREAD_10YR_INVEST IS NOT NULL
        OR CREDIT_SPREAD_10YR_NONINVEST IS NOT NULL
    GROUP BY 
        QUARTER
)
SELECT 
    QUARTER,
    Investment_Grade_Exposure,
    High_Yield_Exposure,
    (Investment_Grade_Exposure * 100.0 / (Investment_Grade_Exposure + High_Yield_Exposure)) as Investment_Grade_Percentage
FROM 
    BondAllocation
ORDER BY 
    QUARTER DESC;",Track changes in high-yield vs investment-grade allocation,Error
"WITH DefaultMetrics AS (
    SELECT 
        h.QUARTER,
        h.FAIR_VALUE_LEVEL,
        COUNT(DISTINCT h.HOLDING_ID) as Total_Bonds,
        COUNT(DISTINCT CASE WHEN d.IS_DEFAULT = 'Y' THEN h.HOLDING_ID END) as Defaulted_Bonds,
        COUNT(DISTINCT CASE WHEN d.ARE_ANY_INTEREST_PAYMENT = 'Y' THEN h.HOLDING_ID END) as Missed_Payments,
        SUM(CAST(h.CURRENCY_VALUE AS FLOAT)) as Total_Value
    FROM 
        FUND_REPORTED_HOLDING h
        JOIN DEBT_SECURITY d ON h.HOLDING_ID = d.HOLDING_ID
    WHERE 
        h.FAIR_VALUE_LEVEL IS NOT NULL
    GROUP BY 
        h.QUARTER,
        h.FAIR_VALUE_LEVEL
)
SELECT 
    QUARTER,
    FAIR_VALUE_LEVEL,
    Total_Bonds,
    Defaulted_Bonds,
    Missed_Payments,
    ROUND(Total_Value / 1000000, 2) as Value_Millions,
    ROUND(Defaulted_Bonds * 100.0 / NULLIF(Total_Bonds, 0), 2) as Default_Rate,
    ROUND(Missed_Payments * 100.0 / NULLIF(Total_Bonds, 0), 2) as Missed_Payment_Rate
FROM 
    DefaultMetrics
WHERE 
    Total_Bonds >= 10
ORDER BY 
    QUARTER DESC,
    FAIR_VALUE_LEVEL;",Track bond default rates and interest payment issues by credit rating,False
"WITH BondTypes AS (
    SELECT 
        h.QUARTER,
        h.FAIR_VALUE_LEVEL,
        d.COUPON_TYPE,
        COUNT(DISTINCT h.HOLDING_ID) as Number_of_Bonds,
        SUM(CAST(h.CURRENCY_VALUE AS FLOAT)) as Total_Value,
        AVG(CAST(d.ANNUALIZED_RATE AS FLOAT)) as Average_Rate
    FROM 
        FUND_REPORTED_HOLDING h
        JOIN DEBT_SECURITY d ON h.HOLDING_ID = d.HOLDING_ID
    WHERE 
        h.FAIR_VALUE_LEVEL IS NOT NULL
        AND d.COUPON_TYPE IS NOT NULL
    GROUP BY 
        h.QUARTER,
        h.FAIR_VALUE_LEVEL,
        d.COUPON_TYPE
),
QuarterlyTotals AS (
    SELECT 
        QUARTER,
        FAIR_VALUE_LEVEL,
        SUM(Total_Value) as Total_Value_By_Rating
    FROM 
        BondTypes
    GROUP BY 
        QUARTER,
        FAIR_VALUE_LEVEL
)
SELECT 
    b.QUARTER,
    b.FAIR_VALUE_LEVEL,
    b.COUPON_TYPE,
    b.Number_of_Bonds,
    ROUND(b.Total_Value / 1000000, 2) as Value_Millions,
    ROUND(b.Average_Rate, 2) as Avg_Rate,
    ROUND(b.Total_Value * 100.0 / qt.Total_Value_By_Rating, 2) as Percentage_of_Rating
FROM 
    BondTypes b
    JOIN QuarterlyTotals qt ON b.QUARTER = qt.QUARTER 
        AND b.FAIR_VALUE_LEVEL = qt.FAIR_VALUE_LEVEL
ORDER BY 
    b.QUARTER DESC,
    b.FAIR_VALUE_LEVEL,
    b.Total_Value DESC;",Compare fixed vs floating rate bond distribution across credit qualities,False
"WITH LiquidityMetrics AS (
    SELECT 
        f.QUARTER,
        f.SERIES_NAME,
        CAST(f.CASH_NOT_RPTD_IN_C_OR_D AS FLOAT) as Cash,
        CAST(f.BORROWING_PAY_WITHIN_1YR AS FLOAT) as Short_Term_Obligations,
        CAST(f.TOTAL_ASSETS AS FLOAT) as Total_Assets
    FROM 
        FUND_REPORTED_INFO f
    WHERE 
        f.CASH_NOT_RPTD_IN_C_OR_D IS NOT NULL
        AND f.TOTAL_ASSETS > 0
)
SELECT 
    QUARTER,
    SERIES_NAME,
    ROUND(Cash / 1000000, 2) as Cash_Millions,
    ROUND(Cash * 100.0 / Total_Assets, 2) as Cash_Percentage,
    ROUND(Cash / NULLIF(Short_Term_Obligations, 0), 2) as Cash_Coverage_Ratio
FROM 
    LiquidityMetrics
ORDER BY 
    QUARTER DESC,
    Cash_Percentage DESC;",What's the liquidity profile of funds?,False
"WITH InterestRateSensitivity AS (
    SELECT 
        f.QUARTER,
        r.REGISTRANT_NAME,
        f.SERIES_NAME,
        CAST(ir.INTRST_RATE_CHANGE_10YR_DV01 AS FLOAT) as DV01_10Y,
        CAST(ir.INTRST_RATE_CHANGE_30YR_DV01 AS FLOAT) as DV01_30Y,
        CAST(f.TOTAL_ASSETS AS FLOAT) as Total_Assets
    FROM 
        FUND_REPORTED_INFO f
        JOIN REGISTRANT r ON f.ACCESSION_NUMBER = r.ACCESSION_NUMBER
        JOIN INTEREST_RATE_RISK ir ON f.ACCESSION_NUMBER = ir.ACCESSION_NUMBER
    WHERE 
        ir.INTRST_RATE_CHANGE_10YR_DV01 IS NOT NULL
        OR ir.INTRST_RATE_CHANGE_30YR_DV01 IS NOT NULL
)
SELECT 
    QUARTER,
    REGISTRANT_NAME,
    SERIES_NAME,
    ROUND(DV01_10Y, 4) as DV01_10Y,
    ROUND(DV01_30Y, 4) as DV01_30Y,
    ROUND(Total_Assets / 1000000, 2) as Assets_Millions
FROM 
    InterestRateSensitivity
ORDER BY 
    QUARTER DESC,
    (DV01_10Y + DV01_30Y) DESC
LIMIT 20;",Which funds have the highest interest rate sensitivity?,Error
"WITH LeverageMetrics AS (
    SELECT 
        QUARTER,
        COUNT(DISTINCT SERIES_NAME) as Total_Funds,
        AVG(CAST(BORROWING_PAY_WITHIN_1YR AS FLOAT) + 
            CAST(BORROWING_PAY_AFTER_1YR AS FLOAT)) as Avg_Borrowing,
        MAX(CAST(BORROWING_PAY_WITHIN_1YR AS FLOAT) + 
            CAST(BORROWING_PAY_AFTER_1YR AS FLOAT)) as Max_Borrowing,
        AVG(CAST(TOTAL_ASSETS AS FLOAT)) as Avg_Assets
    FROM 
        FUND_REPORTED_INFO
    WHERE 
        BORROWING_PAY_WITHIN_1YR IS NOT NULL
        AND BORROWING_PAY_AFTER_1YR IS NOT NULL
    GROUP BY 
        QUARTER
)
SELECT 
    QUARTER,
    Total_Funds,
    ROUND(Avg_Borrowing / 1000000, 2) as Avg_Borrowing_Millions,
    ROUND(Max_Borrowing / 1000000, 2) as Max_Borrowing_Millions,
    ROUND((Avg_Borrowing / Avg_Assets * 100), 2) as Avg_Leverage_Percentage
FROM 
    LeverageMetrics
ORDER BY 
    QUARTER DESC;",How has fund leverage changed over time?,False
